File accession	File format	File type	File format type	Output type	File assembly	Experiment accession	Assay	Donor(s)	Biosample term id	Biosample term name	Biosample type	Biosample organism	Biosample treatments	Biosample treatments amount	Biosample treatments duration	Biosample genetic modifications methods	Biosample genetic modifications categories	Biosample genetic modifications targets	Biosample genetic modifications gene targets	Biosample genetic modifications site coordinates	Biosample genetic modifications zygosity	Experiment target	Library made from	Library depleted in	Library extraction method	Library lysis method	Library crosslinking method	Library strand specific	Experiment date released	Project	RBNS protein concentration	Library fragmentation method	Library size range	Biological replicate(s)	Technical replicate(s)	Read length	Mapped read length	Run type	Paired end	Paired with	Index of	Derived from	Size	Lab	md5sum	dbxrefs	File download URL	Genome annotation	Platform	Controlled by	File Status	s3_uri	Azure URL	File analysis title	File analysis status	Audit WARNING	Audit NOT_COMPLIANT	Audit ERROR
ENCFF410KMF	tsv	tsv		gene quantifications	mm10	ENCSR096STK	polyA plus RNA-seq	/mouse-donors/ENCDO956IXV/	UBERON:0002107	liver	tissue	Mus musculus											polyadenylated mRNA		Ambion mirVana			unstranded	2015-06-23	ENCODE		chemical (Nextera tagmentation)	>200	1	1_1							/files/ENCFF324FND/, /files/ENCFF363TFV/	11899821	ENCODE Processing Pipeline	ec52f5ab7d852160d18ce3986aaa3a46		https://www.encodeproject.org/files/ENCFF410KMF/@@download/ENCFF410KMF.tsv	M21			released	s3://encode-public/2021/03/15/c1cd802e-c7c5-48f0-a1fb-1a2e4cab9137/ENCFF410KMF.tsv	https://datasetencode.blob.core.windows.net/dataset/2021/03/15/c1cd802e-c7c5-48f0-a1fb-1a2e4cab9137/ENCFF410KMF.tsv?sv=2019-10-10&si=prod&sr=c&sig=9qSQZo4ggrCNpybBExU8SypuUZV33igI11xw0P7rB3c%3D	ENCODE4 v1.2.1 mm10 M21	released			
ENCFF019ESS	bigWig	bigWig		signal of unique reads	mm10	ENCSR096STK	polyA plus RNA-seq	/mouse-donors/ENCDO956IXV/	UBERON:0002107	liver	tissue	Mus musculus											polyadenylated mRNA		Ambion mirVana			unstranded	2015-06-23	ENCODE		chemical (Nextera tagmentation)	>200	1	1_1							/files/mm10_no_alt.chrom.sizes/, /files/ENCFF172VMD/	107712229	ENCODE Processing Pipeline	a1b088fc665f0c09157b66beb1fb53dd		https://www.encodeproject.org/files/ENCFF019ESS/@@download/ENCFF019ESS.bigWig	M21			released	s3://encode-public/2021/03/15/934aadca-4e30-48c2-a3b5-a9cdf34cc33b/ENCFF019ESS.bigWig	https://datasetencode.blob.core.windows.net/dataset/2021/03/15/934aadca-4e30-48c2-a3b5-a9cdf34cc33b/ENCFF019ESS.bigWig?sv=2019-10-10&si=prod&sr=c&sig=9qSQZo4ggrCNpybBExU8SypuUZV33igI11xw0P7rB3c%3D	ENCODE4 v1.2.1 mm10 M21	released			
ENCFF554PCI	tsv	tsv		gene quantifications	mm10	ENCSR727FHP	polyA plus RNA-seq	/mouse-donors/ENCDO956IXV/	UBERON:0000948	heart	tissue	Mus musculus											polyadenylated mRNA		Ambion mirVana			unstranded	2014-12-17	ENCODE		chemical (Nextera tagmentation)	>200	2	2_1							/files/ENCFF363TFV/, /files/ENCFF528CNL/	11882212	ENCODE Processing Pipeline	34fdd2f582000877a50efd99b888d323		https://www.encodeproject.org/files/ENCFF554PCI/@@download/ENCFF554PCI.tsv	M21			released	s3://encode-public/2021/03/15/a2c5e945-7935-4387-983e-7fb3b7f0ec7c/ENCFF554PCI.tsv	https://datasetencode.blob.core.windows.net/dataset/2021/03/15/a2c5e945-7935-4387-983e-7fb3b7f0ec7c/ENCFF554PCI.tsv?sv=2019-10-10&si=prod&sr=c&sig=9qSQZo4ggrCNpybBExU8SypuUZV33igI11xw0P7rB3c%3D	ENCODE4 v1.2.1 mm10 M21	released			
ENCFF077HTC	bigWig	bigWig		signal of unique reads	mm10	ENCSR727FHP	polyA plus RNA-seq	/mouse-donors/ENCDO956IXV/	UBERON:0000948	heart	tissue	Mus musculus											polyadenylated mRNA		Ambion mirVana			unstranded	2014-12-17	ENCODE		chemical (Nextera tagmentation)	>200	2	2_1							/files/ENCFF216GFW/, /files/mm10_no_alt.chrom.sizes/	147181983	ENCODE Processing Pipeline	047a1297712fcb3ecb1af5da61f8ab19		https://www.encodeproject.org/files/ENCFF077HTC/@@download/ENCFF077HTC.bigWig	M21			released	s3://encode-public/2021/03/15/f093a5bb-824d-4cf8-a023-c6a57fa47aa1/ENCFF077HTC.bigWig	https://datasetencode.blob.core.windows.net/dataset/2021/03/15/f093a5bb-824d-4cf8-a023-c6a57fa47aa1/ENCFF077HTC.bigWig?sv=2019-10-10&si=prod&sr=c&sig=9qSQZo4ggrCNpybBExU8SypuUZV33igI11xw0P7rB3c%3D	ENCODE4 v1.2.1 mm10 M21	released			
ENCFF583VFU	bigWig	bigWig		minus strand signal of unique reads	mm10	ENCSR000CHA	polyA plus RNA-seq	/mouse-donors/ENCDO956IXV/	UBERON:0002113	kidney	tissue	Mus musculus											polyadenylated mRNA					reverse	2011-08-04	ENCODE		see document	>200	1	1_1							/files/ENCFF487PQR/, /files/mm10_no_alt.chrom.sizes/	33341567	ENCODE Processing Pipeline	c8c49c5b807369375b3c548f29550f4c		https://www.encodeproject.org/files/ENCFF583VFU/@@download/ENCFF583VFU.bigWig	M21			released	s3://encode-public/2022/11/07/5bb0f624-fd1f-41af-b49d-dc14abeb5fb9/ENCFF583VFU.bigWig	https://datasetencode.blob.core.windows.net/dataset/2022/11/07/5bb0f624-fd1f-41af-b49d-dc14abeb5fb9/ENCFF583VFU.bigWig?sv=2019-10-10&si=prod&sr=c&sig=9qSQZo4ggrCNpybBExU8SypuUZV33igI11xw0P7rB3c%3D	ENCODE4 v1.2.4 mm10 M21	released	low read depth	missing spikeins, insufficient read length	
ENCFF079ICT	bigWig	bigWig		plus strand signal of unique reads	mm10	ENCSR000CHA	polyA plus RNA-seq	/mouse-donors/ENCDO956IXV/	UBERON:0002113	kidney	tissue	Mus musculus											polyadenylated mRNA					reverse	2011-08-04	ENCODE		see document	>200	1	1_1							/files/ENCFF487PQR/, /files/mm10_no_alt.chrom.sizes/	34420501	ENCODE Processing Pipeline	13f5a9dd8dbd79d5cfde09497ca57361		https://www.encodeproject.org/files/ENCFF079ICT/@@download/ENCFF079ICT.bigWig	M21			released	s3://encode-public/2022/11/07/5d30ecb1-e8e6-40b3-a873-2d5defe8a695/ENCFF079ICT.bigWig	https://datasetencode.blob.core.windows.net/dataset/2022/11/07/5d30ecb1-e8e6-40b3-a873-2d5defe8a695/ENCFF079ICT.bigWig?sv=2019-10-10&si=prod&sr=c&sig=9qSQZo4ggrCNpybBExU8SypuUZV33igI11xw0P7rB3c%3D	ENCODE4 v1.2.4 mm10 M21	released	low read depth	missing spikeins, insufficient read length	
ENCFF876OPZ	tsv	tsv		gene quantifications	mm10	ENCSR000CHA	polyA plus RNA-seq	/mouse-donors/ENCDO956IXV/	UBERON:0002113	kidney	tissue	Mus musculus											polyadenylated mRNA					reverse	2011-08-04	ENCODE		see document	>200	1	1_1							/files/ENCFF363TFV/, /files/ENCFF365DEO/	13177397	ENCODE Processing Pipeline	2d0595308082956226909fe8220d4f14		https://www.encodeproject.org/files/ENCFF876OPZ/@@download/ENCFF876OPZ.tsv	M21			released	s3://encode-public/2022/11/07/d2037c1b-84d8-48c9-a12d-ee42ad33a594/ENCFF876OPZ.tsv	https://datasetencode.blob.core.windows.net/dataset/2022/11/07/d2037c1b-84d8-48c9-a12d-ee42ad33a594/ENCFF876OPZ.tsv?sv=2019-10-10&si=prod&sr=c&sig=9qSQZo4ggrCNpybBExU8SypuUZV33igI11xw0P7rB3c%3D	ENCODE4 v1.2.4 mm10 M21	released	low read depth	missing spikeins, insufficient read length	
ENCFF322QGD	tsv	tsv		gene quantifications	mm10	ENCSR870AQU	polyA plus RNA-seq	/mouse-donors/ENCDO072AAA/	UBERON:0002048	lung	tissue	Mus musculus											polyadenylated mRNA		RNeasy Lipid Tissue Mini Kit (QIAGEN cat#74804)			reverse	2014-12-08	ENCODE		chemical (Illumina TruSeq)	350-450	1	1_2							/files/ENCFF368TCM/, /files/ENCFF363TFV/	11794412	ENCODE Processing Pipeline	162a37209190b2ade71f44adc0972941		https://www.encodeproject.org/files/ENCFF322QGD/@@download/ENCFF322QGD.tsv	M21			released	s3://encode-public/2021/04/08/69a70dcd-9727-4695-a9e3-a0413ece5a80/ENCFF322QGD.tsv	https://datasetencode.blob.core.windows.net/dataset/2021/04/08/69a70dcd-9727-4695-a9e3-a0413ece5a80/ENCFF322QGD.tsv?sv=2019-10-10&si=prod&sr=c&sig=9qSQZo4ggrCNpybBExU8SypuUZV33igI11xw0P7rB3c%3D	ENCODE4 v1.2.3 mm10 M21	released	low read depth, low replicate concordance	insufficient read depth	
ENCFF650JTG	bigWig	bigWig		minus strand signal of unique reads	mm10	ENCSR870AQU	polyA plus RNA-seq	/mouse-donors/ENCDO072AAA/	UBERON:0002048	lung	tissue	Mus musculus											polyadenylated mRNA		RNeasy Lipid Tissue Mini Kit (QIAGEN cat#74804)			reverse	2014-12-08	ENCODE		chemical (Illumina TruSeq)	350-450	1	1_2							/files/ENCFF151XGX/, /files/mm10_no_alt.chrom.sizes/	53668261	ENCODE Processing Pipeline	4f93d84e51db88431a228c08200472c6		https://www.encodeproject.org/files/ENCFF650JTG/@@download/ENCFF650JTG.bigWig	M21			released	s3://encode-public/2021/04/08/bac41a13-5611-436c-a901-7fc4efa21757/ENCFF650JTG.bigWig	https://datasetencode.blob.core.windows.net/dataset/2021/04/08/bac41a13-5611-436c-a901-7fc4efa21757/ENCFF650JTG.bigWig?sv=2019-10-10&si=prod&sr=c&sig=9qSQZo4ggrCNpybBExU8SypuUZV33igI11xw0P7rB3c%3D	ENCODE4 v1.2.3 mm10 M21	released	low read depth, low replicate concordance	insufficient read depth	
ENCFF877PYA	bigWig	bigWig		plus strand signal of unique reads	mm10	ENCSR870AQU	polyA plus RNA-seq	/mouse-donors/ENCDO072AAA/	UBERON:0002048	lung	tissue	Mus musculus											polyadenylated mRNA		RNeasy Lipid Tissue Mini Kit (QIAGEN cat#74804)			reverse	2014-12-08	ENCODE		chemical (Illumina TruSeq)	350-450	1	1_2							/files/ENCFF151XGX/, /files/mm10_no_alt.chrom.sizes/	54870940	ENCODE Processing Pipeline	3428011ee283f2d9f2664f6a01520d29		https://www.encodeproject.org/files/ENCFF877PYA/@@download/ENCFF877PYA.bigWig	M21			released	s3://encode-public/2021/04/08/7dba3a93-ab47-4d0f-9158-76dc41bca657/ENCFF877PYA.bigWig	https://datasetencode.blob.core.windows.net/dataset/2021/04/08/7dba3a93-ab47-4d0f-9158-76dc41bca657/ENCFF877PYA.bigWig?sv=2019-10-10&si=prod&sr=c&sig=9qSQZo4ggrCNpybBExU8SypuUZV33igI11xw0P7rB3c%3D	ENCODE4 v1.2.3 mm10 M21	released	low read depth, low replicate concordance	insufficient read depth	
ENCFF609VXF	tsv	tsv		gene quantifications	mm10	ENCSR516UNF	polyA plus RNA-seq	/mouse-donors/ENCDO072AAA/	UBERON:0000992	ovary	tissue	Mus musculus											polyadenylated mRNA		RNeasy Lipid Tissue Mini Kit (QIAGEN cat#74804)			reverse	2014-12-08	ENCODE		chemical (Illumina TruSeq)	350-450	1	1_1							/files/ENCFF936VFO/, /files/ENCFF363TFV/	11786301	ENCODE Processing Pipeline	5d62b0a89803afc5c68f3ac32a715344		https://www.encodeproject.org/files/ENCFF609VXF/@@download/ENCFF609VXF.tsv	M21			released	s3://encode-public/2021/06/01/aba982ea-1361-4aee-b4ea-b4b216a4dc37/ENCFF609VXF.tsv	https://datasetencode.blob.core.windows.net/dataset/2021/06/01/aba982ea-1361-4aee-b4ea-b4b216a4dc37/ENCFF609VXF.tsv?sv=2019-10-10&si=prod&sr=c&sig=9qSQZo4ggrCNpybBExU8SypuUZV33igI11xw0P7rB3c%3D	ENCODE4 v1.2.3 mm10 M21	released			
ENCFF580KBG	bigWig	bigWig		minus strand signal of unique reads	mm10	ENCSR516UNF	polyA plus RNA-seq	/mouse-donors/ENCDO072AAA/	UBERON:0000992	ovary	tissue	Mus musculus											polyadenylated mRNA		RNeasy Lipid Tissue Mini Kit (QIAGEN cat#74804)			reverse	2014-12-08	ENCODE		chemical (Illumina TruSeq)	350-450	1	1_1							/files/ENCFF105IYD/, /files/mm10_no_alt.chrom.sizes/	66351975	ENCODE Processing Pipeline	af973703ab961b868dff670748bfb16b		https://www.encodeproject.org/files/ENCFF580KBG/@@download/ENCFF580KBG.bigWig	M21			released	s3://encode-public/2021/06/01/3f1d0341-0afc-4f90-be0f-802a37ffb609/ENCFF580KBG.bigWig	https://datasetencode.blob.core.windows.net/dataset/2021/06/01/3f1d0341-0afc-4f90-be0f-802a37ffb609/ENCFF580KBG.bigWig?sv=2019-10-10&si=prod&sr=c&sig=9qSQZo4ggrCNpybBExU8SypuUZV33igI11xw0P7rB3c%3D	ENCODE4 v1.2.3 mm10 M21	released			
ENCFF441JYG	bigWig	bigWig		plus strand signal of unique reads	mm10	ENCSR516UNF	polyA plus RNA-seq	/mouse-donors/ENCDO072AAA/	UBERON:0000992	ovary	tissue	Mus musculus											polyadenylated mRNA		RNeasy Lipid Tissue Mini Kit (QIAGEN cat#74804)			reverse	2014-12-08	ENCODE		chemical (Illumina TruSeq)	350-450	1	1_1							/files/ENCFF105IYD/, /files/mm10_no_alt.chrom.sizes/	68036379	ENCODE Processing Pipeline	3938667f0c4e16f3dd90abfb514dcb8a		https://www.encodeproject.org/files/ENCFF441JYG/@@download/ENCFF441JYG.bigWig	M21			released	s3://encode-public/2021/06/01/111f7edb-3ecf-415f-814b-c0d9547137fb/ENCFF441JYG.bigWig	https://datasetencode.blob.core.windows.net/dataset/2021/06/01/111f7edb-3ecf-415f-814b-c0d9547137fb/ENCFF441JYG.bigWig?sv=2019-10-10&si=prod&sr=c&sig=9qSQZo4ggrCNpybBExU8SypuUZV33igI11xw0P7rB3c%3D	ENCODE4 v1.2.3 mm10 M21	released			
ENCFF890KPR	bigWig	bigWig		minus strand signal of unique reads	mm10	ENCSR000CGT	polyA plus RNA-seq	/mouse-donors/ENCDO956IXV/	UBERON:0002371	bone marrow	tissue	Mus musculus											polyadenylated mRNA					reverse	2011-08-04	ENCODE		see document	>200	2	2_1							/files/ENCFF288DGI/, /files/mm10_no_alt.chrom.sizes/	12860637	ENCODE Processing Pipeline	f4d5bfa65dd42926024dd824eed8e98f		https://www.encodeproject.org/files/ENCFF890KPR/@@download/ENCFF890KPR.bigWig	M21			released	s3://encode-public/2022/11/07/df39c331-234b-44da-8f7a-7c3fba57a554/ENCFF890KPR.bigWig	https://datasetencode.blob.core.windows.net/dataset/2022/11/07/df39c331-234b-44da-8f7a-7c3fba57a554/ENCFF890KPR.bigWig?sv=2019-10-10&si=prod&sr=c&sig=9qSQZo4ggrCNpybBExU8SypuUZV33igI11xw0P7rB3c%3D	ENCODE4 v1.2.4 mm10 M21	released	low replicate concordance	insufficient read depth, missing spikeins, insufficient read length	
ENCFF026VYG	bigWig	bigWig		plus strand signal of unique reads	mm10	ENCSR000CGT	polyA plus RNA-seq	/mouse-donors/ENCDO956IXV/	UBERON:0002371	bone marrow	tissue	Mus musculus											polyadenylated mRNA					reverse	2011-08-04	ENCODE		see document	>200	2	2_1							/files/ENCFF288DGI/, /files/mm10_no_alt.chrom.sizes/	13022515	ENCODE Processing Pipeline	3a5531602f18e1dd5f15dd7888ff6055		https://www.encodeproject.org/files/ENCFF026VYG/@@download/ENCFF026VYG.bigWig	M21			released	s3://encode-public/2022/11/07/04ca5080-5bc7-4004-9810-d071ddf2c7da/ENCFF026VYG.bigWig	https://datasetencode.blob.core.windows.net/dataset/2022/11/07/04ca5080-5bc7-4004-9810-d071ddf2c7da/ENCFF026VYG.bigWig?sv=2019-10-10&si=prod&sr=c&sig=9qSQZo4ggrCNpybBExU8SypuUZV33igI11xw0P7rB3c%3D	ENCODE4 v1.2.4 mm10 M21	released	low replicate concordance	insufficient read depth, missing spikeins, insufficient read length	
ENCFF588EWC	tsv	tsv		gene quantifications	mm10	ENCSR000CGT	polyA plus RNA-seq	/mouse-donors/ENCDO956IXV/	UBERON:0002371	bone marrow	tissue	Mus musculus											polyadenylated mRNA					reverse	2011-08-04	ENCODE		see document	>200	2	2_1							/files/ENCFF171QXM/, /files/ENCFF363TFV/	13117031	ENCODE Processing Pipeline	b3014b9c96dbd6267efeff197750eaf8		https://www.encodeproject.org/files/ENCFF588EWC/@@download/ENCFF588EWC.tsv	M21			released	s3://encode-public/2022/11/07/9cd4150e-471a-441a-bb26-2270272fe8e6/ENCFF588EWC.tsv	https://datasetencode.blob.core.windows.net/dataset/2022/11/07/9cd4150e-471a-441a-bb26-2270272fe8e6/ENCFF588EWC.tsv?sv=2019-10-10&si=prod&sr=c&sig=9qSQZo4ggrCNpybBExU8SypuUZV33igI11xw0P7rB3c%3D	ENCODE4 v1.2.4 mm10 M21	released	low replicate concordance	insufficient read depth, missing spikeins, insufficient read length	
ENCFF022AQC	bigWig	bigWig		plus strand signal of unique reads	mm10	ENCSR000CHJ	polyA plus RNA-seq	/mouse-donors/ENCDO956IXV/	UBERON:0002101	limb	tissue	Mus musculus											polyadenylated mRNA					reverse	2012-05-04	ENCODE		see document	>200	1	1_1							/files/mm10_no_alt.chrom.sizes/, /files/ENCFF629YHA/	38239572	ENCODE Processing Pipeline	496232b7995c3a4c7bed6d40002fa1b1		https://www.encodeproject.org/files/ENCFF022AQC/@@download/ENCFF022AQC.bigWig	M21			released	s3://encode-public/2022/11/07/5a805786-c8f2-4ba9-ad4b-5f6b578cecab/ENCFF022AQC.bigWig	https://datasetencode.blob.core.windows.net/dataset/2022/11/07/5a805786-c8f2-4ba9-ad4b-5f6b578cecab/ENCFF022AQC.bigWig?sv=2019-10-10&si=prod&sr=c&sig=9qSQZo4ggrCNpybBExU8SypuUZV33igI11xw0P7rB3c%3D	ENCODE4 v1.2.4 mm10 M21	released	low replicate concordance	insufficient read depth, missing spikeins, insufficient read length	
ENCFF785MZJ	tsv	tsv		gene quantifications	mm10	ENCSR000CHJ	polyA plus RNA-seq	/mouse-donors/ENCDO956IXV/	UBERON:0002101	limb	tissue	Mus musculus											polyadenylated mRNA					reverse	2012-05-04	ENCODE		see document	>200	1	1_1							/files/ENCFF363TFV/, /files/ENCFF098UPF/	13101491	ENCODE Processing Pipeline	1c519e919d33f3d0c69351360c3ff0a7		https://www.encodeproject.org/files/ENCFF785MZJ/@@download/ENCFF785MZJ.tsv	M21			released	s3://encode-public/2022/11/07/59876192-3131-4b9c-9515-5da88053c83f/ENCFF785MZJ.tsv	https://datasetencode.blob.core.windows.net/dataset/2022/11/07/59876192-3131-4b9c-9515-5da88053c83f/ENCFF785MZJ.tsv?sv=2019-10-10&si=prod&sr=c&sig=9qSQZo4ggrCNpybBExU8SypuUZV33igI11xw0P7rB3c%3D	ENCODE4 v1.2.4 mm10 M21	released	low replicate concordance	insufficient read depth, missing spikeins, insufficient read length	
ENCFF576FFV	bigWig	bigWig		minus strand signal of unique reads	mm10	ENCSR000CHJ	polyA plus RNA-seq	/mouse-donors/ENCDO956IXV/	UBERON:0002101	limb	tissue	Mus musculus											polyadenylated mRNA					reverse	2012-05-04	ENCODE		see document	>200	1	1_1							/files/mm10_no_alt.chrom.sizes/, /files/ENCFF629YHA/	37689558	ENCODE Processing Pipeline	d7d53d0a90ec04d04344af82b09ac7cd		https://www.encodeproject.org/files/ENCFF576FFV/@@download/ENCFF576FFV.bigWig	M21			released	s3://encode-public/2022/11/07/a6dbb880-5ebd-469f-adfd-b67821133428/ENCFF576FFV.bigWig	https://datasetencode.blob.core.windows.net/dataset/2022/11/07/a6dbb880-5ebd-469f-adfd-b67821133428/ENCFF576FFV.bigWig?sv=2019-10-10&si=prod&sr=c&sig=9qSQZo4ggrCNpybBExU8SypuUZV33igI11xw0P7rB3c%3D	ENCODE4 v1.2.4 mm10 M21	released	low replicate concordance	insufficient read depth, missing spikeins, insufficient read length	
ENCFF138DTC	bigWig	bigWig		plus strand signal of unique reads	mm10	ENCSR000CHH	polyA plus RNA-seq	/mouse-donors/ENCDO956IXV/	UBERON:0000473	testis	tissue	Mus musculus											polyadenylated mRNA					reverse	2012-05-04	ENCODE		see document	>200	2	2_1							/files/ENCFF685LVX/, /files/mm10_no_alt.chrom.sizes/	3786333	ENCODE Processing Pipeline	bedba368cf22e87bc13749e206f9d674		https://www.encodeproject.org/files/ENCFF138DTC/@@download/ENCFF138DTC.bigWig	M21			released	s3://encode-public/2022/11/07/5531f654-abb4-4930-b4f8-88bc17b2c02d/ENCFF138DTC.bigWig	https://datasetencode.blob.core.windows.net/dataset/2022/11/07/5531f654-abb4-4930-b4f8-88bc17b2c02d/ENCFF138DTC.bigWig?sv=2019-10-10&si=prod&sr=c&sig=9qSQZo4ggrCNpybBExU8SypuUZV33igI11xw0P7rB3c%3D	ENCODE4 v1.2.4 mm10 M21	released	low replicate concordance	insufficient read depth, missing spikeins, insufficient read length	
ENCFF044OVF	bigWig	bigWig		minus strand signal of unique reads	mm10	ENCSR000CHH	polyA plus RNA-seq	/mouse-donors/ENCDO956IXV/	UBERON:0000473	testis	tissue	Mus musculus											polyadenylated mRNA					reverse	2012-05-04	ENCODE		see document	>200	2	2_1							/files/ENCFF685LVX/, /files/mm10_no_alt.chrom.sizes/	3654465	ENCODE Processing Pipeline	789ecb2fd6d6a5e637e7cc077e7592f5		https://www.encodeproject.org/files/ENCFF044OVF/@@download/ENCFF044OVF.bigWig	M21			released	s3://encode-public/2022/11/07/201cf859-a520-426a-b487-7bd0661ac771/ENCFF044OVF.bigWig	https://datasetencode.blob.core.windows.net/dataset/2022/11/07/201cf859-a520-426a-b487-7bd0661ac771/ENCFF044OVF.bigWig?sv=2019-10-10&si=prod&sr=c&sig=9qSQZo4ggrCNpybBExU8SypuUZV33igI11xw0P7rB3c%3D	ENCODE4 v1.2.4 mm10 M21	released	low replicate concordance	insufficient read depth, missing spikeins, insufficient read length	
ENCFF906JKB	tsv	tsv		gene quantifications	mm10	ENCSR000CHH	polyA plus RNA-seq	/mouse-donors/ENCDO956IXV/	UBERON:0000473	testis	tissue	Mus musculus											polyadenylated mRNA					reverse	2012-05-04	ENCODE		see document	>200	2	2_1							/files/ENCFF363TFV/, /files/ENCFF739YLJ/	13131154	ENCODE Processing Pipeline	ddb41bfb8964beaa831d7f3c7e2522b7		https://www.encodeproject.org/files/ENCFF906JKB/@@download/ENCFF906JKB.tsv	M21			released	s3://encode-public/2022/11/07/b780e1c2-7e69-4900-802d-227f00a3f1be/ENCFF906JKB.tsv	https://datasetencode.blob.core.windows.net/dataset/2022/11/07/b780e1c2-7e69-4900-802d-227f00a3f1be/ENCFF906JKB.tsv?sv=2019-10-10&si=prod&sr=c&sig=9qSQZo4ggrCNpybBExU8SypuUZV33igI11xw0P7rB3c%3D	ENCODE4 v1.2.4 mm10 M21	released	low replicate concordance	insufficient read depth, missing spikeins, insufficient read length	
ENCFF117QWC	bigWig	bigWig		signal of unique reads	mm10	ENCSR284AMY	polyA plus RNA-seq	/mouse-donors/ENCDO956IXV/	UBERON:0002107	liver	tissue	Mus musculus											polyadenylated mRNA		Ambion mirVana			unstranded	2014-11-20	ENCODE		chemical (Nextera tagmentation)	>200	1	1_1							/files/mm10_no_alt.chrom.sizes/, /files/ENCFF764VNF/	143533606	ENCODE Processing Pipeline	0e8fcd7f4b0c494f40b22c42c32b0598		https://www.encodeproject.org/files/ENCFF117QWC/@@download/ENCFF117QWC.bigWig	M21			released	s3://encode-public/2021/03/15/d24e1a14-451e-4f3d-a7ea-efccf12e53fd/ENCFF117QWC.bigWig	https://datasetencode.blob.core.windows.net/dataset/2021/03/15/d24e1a14-451e-4f3d-a7ea-efccf12e53fd/ENCFF117QWC.bigWig?sv=2019-10-10&si=prod&sr=c&sig=9qSQZo4ggrCNpybBExU8SypuUZV33igI11xw0P7rB3c%3D	ENCODE4 v1.2.1 mm10 M21	released			
ENCFF557PQT	tsv	tsv		gene quantifications	mm10	ENCSR284AMY	polyA plus RNA-seq	/mouse-donors/ENCDO956IXV/	UBERON:0002107	liver	tissue	Mus musculus											polyadenylated mRNA		Ambion mirVana			unstranded	2014-11-20	ENCODE		chemical (Nextera tagmentation)	>200	1	1_1							/files/ENCFF363TFV/, /files/ENCFF773NZH/	11892852	ENCODE Processing Pipeline	b98e07619a57e303da1e79b33130e2bb		https://www.encodeproject.org/files/ENCFF557PQT/@@download/ENCFF557PQT.tsv	M21			released	s3://encode-public/2021/03/15/9b425868-35f2-4cd6-8c38-6bd7accb4d25/ENCFF557PQT.tsv	https://datasetencode.blob.core.windows.net/dataset/2021/03/15/9b425868-35f2-4cd6-8c38-6bd7accb4d25/ENCFF557PQT.tsv?sv=2019-10-10&si=prod&sr=c&sig=9qSQZo4ggrCNpybBExU8SypuUZV33igI11xw0P7rB3c%3D	ENCODE4 v1.2.1 mm10 M21	released			
ENCFF908YFY	bigWig	bigWig		signal of unique reads	mm10	ENCSR307BCA	polyA plus RNA-seq	/mouse-donors/ENCDO956IXV/	UBERON:0001891	midbrain	tissue	Mus musculus											polyadenylated mRNA		Ambion mirVana			unstranded	2014-11-20	ENCODE		chemical (Nextera tagmentation)	>200	2	2_1							/files/mm10_no_alt.chrom.sizes/, /files/ENCFF469PZL/	168312874	ENCODE Processing Pipeline	cf6379d59e5e3e7928a61509dc10229d		https://www.encodeproject.org/files/ENCFF908YFY/@@download/ENCFF908YFY.bigWig	M21			released	s3://encode-public/2021/03/15/5881942d-505a-4e76-839c-6c5ab8f22a77/ENCFF908YFY.bigWig	https://datasetencode.blob.core.windows.net/dataset/2021/03/15/5881942d-505a-4e76-839c-6c5ab8f22a77/ENCFF908YFY.bigWig?sv=2019-10-10&si=prod&sr=c&sig=9qSQZo4ggrCNpybBExU8SypuUZV33igI11xw0P7rB3c%3D	ENCODE4 v1.2.1 mm10 M21	released			
ENCFF184FWR	tsv	tsv		gene quantifications	mm10	ENCSR307BCA	polyA plus RNA-seq	/mouse-donors/ENCDO956IXV/	UBERON:0001891	midbrain	tissue	Mus musculus											polyadenylated mRNA		Ambion mirVana			unstranded	2014-11-20	ENCODE		chemical (Nextera tagmentation)	>200	2	2_1							/files/ENCFF187RGY/, /files/ENCFF363TFV/	11910124	ENCODE Processing Pipeline	b9088477998f9d19864f8157ab024c04		https://www.encodeproject.org/files/ENCFF184FWR/@@download/ENCFF184FWR.tsv	M21			released	s3://encode-public/2021/03/15/a1880274-32c8-4c67-8faa-7b612e223d36/ENCFF184FWR.tsv	https://datasetencode.blob.core.windows.net/dataset/2021/03/15/a1880274-32c8-4c67-8faa-7b612e223d36/ENCFF184FWR.tsv?sv=2019-10-10&si=prod&sr=c&sig=9qSQZo4ggrCNpybBExU8SypuUZV33igI11xw0P7rB3c%3D	ENCODE4 v1.2.1 mm10 M21	released			
ENCFF887HVX	bigWig	bigWig		signal of unique reads	mm10	ENCSR039ADS	polyA plus RNA-seq	/mouse-donors/ENCDO956IXV/	UBERON:0002048	lung	tissue	Mus musculus											polyadenylated mRNA		Ambion mirVana			unstranded	2014-12-17	ENCODE		chemical (Nextera tagmentation)	>200	2	2_1							/files/mm10_no_alt.chrom.sizes/, /files/ENCFF197GXS/	177021223	ENCODE Processing Pipeline	8ff23738e4aa2ea7e57e46dca1d49ce4		https://www.encodeproject.org/files/ENCFF887HVX/@@download/ENCFF887HVX.bigWig	M21			released	s3://encode-public/2021/03/15/1e130c68-9e96-4180-b4a4-dd6887c7526e/ENCFF887HVX.bigWig	https://datasetencode.blob.core.windows.net/dataset/2021/03/15/1e130c68-9e96-4180-b4a4-dd6887c7526e/ENCFF887HVX.bigWig?sv=2019-10-10&si=prod&sr=c&sig=9qSQZo4ggrCNpybBExU8SypuUZV33igI11xw0P7rB3c%3D	ENCODE4 v1.2.1 mm10 M21	released			
ENCFF722NZT	tsv	tsv		gene quantifications	mm10	ENCSR039ADS	polyA plus RNA-seq	/mouse-donors/ENCDO956IXV/	UBERON:0002048	lung	tissue	Mus musculus											polyadenylated mRNA		Ambion mirVana			unstranded	2014-12-17	ENCODE		chemical (Nextera tagmentation)	>200	2	2_1							/files/ENCFF363TFV/, /files/ENCFF563SGA/	11890440	ENCODE Processing Pipeline	75ccaf1f0a2545f912b3d61aec7f888e		https://www.encodeproject.org/files/ENCFF722NZT/@@download/ENCFF722NZT.tsv	M21			released	s3://encode-public/2021/03/15/539d6e58-9ef9-4316-98fc-2a192fd366a4/ENCFF722NZT.tsv	https://datasetencode.blob.core.windows.net/dataset/2021/03/15/539d6e58-9ef9-4316-98fc-2a192fd366a4/ENCFF722NZT.tsv?sv=2019-10-10&si=prod&sr=c&sig=9qSQZo4ggrCNpybBExU8SypuUZV33igI11xw0P7rB3c%3D	ENCODE4 v1.2.1 mm10 M21	released			
ENCFF237PEA	bigWig	bigWig		signal of unique reads	mm10	ENCSR739PEB	polyA plus RNA-seq	/mouse-donors/ENCDO956IXV/	UBERON:0002369	adrenal gland	tissue	Mus musculus											polyadenylated mRNA		Ambion mirVana			unstranded	2015-06-23	ENCODE		chemical (Nextera tagmentation)	>200	2	2_1							/files/ENCFF146IND/, /files/mm10_no_alt.chrom.sizes/	157970585	ENCODE Processing Pipeline	e2a5ec2f900db20ea0f6bb410f0a474d		https://www.encodeproject.org/files/ENCFF237PEA/@@download/ENCFF237PEA.bigWig	M21			released	s3://encode-public/2021/03/15/b7e54568-7e2c-40c6-9827-fa87fb658503/ENCFF237PEA.bigWig	https://datasetencode.blob.core.windows.net/dataset/2021/03/15/b7e54568-7e2c-40c6-9827-fa87fb658503/ENCFF237PEA.bigWig?sv=2019-10-10&si=prod&sr=c&sig=9qSQZo4ggrCNpybBExU8SypuUZV33igI11xw0P7rB3c%3D	ENCODE4 v1.2.1 mm10 M21	released			
ENCFF660GWQ	tsv	tsv		gene quantifications	mm10	ENCSR739PEB	polyA plus RNA-seq	/mouse-donors/ENCDO956IXV/	UBERON:0002369	adrenal gland	tissue	Mus musculus											polyadenylated mRNA		Ambion mirVana			unstranded	2015-06-23	ENCODE		chemical (Nextera tagmentation)	>200	2	2_1							/files/ENCFF363TFV/, /files/ENCFF647IJO/	11897590	ENCODE Processing Pipeline	8d38261ef919035294b5e131524f4fae		https://www.encodeproject.org/files/ENCFF660GWQ/@@download/ENCFF660GWQ.tsv	M21			released	s3://encode-public/2021/03/15/8fb173f6-c03a-4fa1-9632-1bdf8ed559df/ENCFF660GWQ.tsv	https://datasetencode.blob.core.windows.net/dataset/2021/03/15/8fb173f6-c03a-4fa1-9632-1bdf8ed559df/ENCFF660GWQ.tsv?sv=2019-10-10&si=prod&sr=c&sig=9qSQZo4ggrCNpybBExU8SypuUZV33igI11xw0P7rB3c%3D	ENCODE4 v1.2.1 mm10 M21	released			
ENCFF484SND	bigWig	bigWig		signal of unique reads	mm10	ENCSR185LWM	polyA plus RNA-seq	/mouse-donors/ENCDO956IXV/	UBERON:0001890	forebrain	tissue	Mus musculus											polyadenylated mRNA		Ambion mirVana			unstranded	2014-12-17	ENCODE		chemical (Nextera tagmentation)	>200	1	1_1							/files/mm10_no_alt.chrom.sizes/, /files/ENCFF500BMU/	132460591	ENCODE Processing Pipeline	d440c4787396d6927914d84dc6258bc4		https://www.encodeproject.org/files/ENCFF484SND/@@download/ENCFF484SND.bigWig	M21			released	s3://encode-public/2021/03/15/2002d7c9-9d9a-4f80-a248-c356c58aa196/ENCFF484SND.bigWig	https://datasetencode.blob.core.windows.net/dataset/2021/03/15/2002d7c9-9d9a-4f80-a248-c356c58aa196/ENCFF484SND.bigWig?sv=2019-10-10&si=prod&sr=c&sig=9qSQZo4ggrCNpybBExU8SypuUZV33igI11xw0P7rB3c%3D	ENCODE4 v1.2.1 mm10 M21	released			
ENCFF270DCV	tsv	tsv		gene quantifications	mm10	ENCSR185LWM	polyA plus RNA-seq	/mouse-donors/ENCDO956IXV/	UBERON:0001890	forebrain	tissue	Mus musculus											polyadenylated mRNA		Ambion mirVana			unstranded	2014-12-17	ENCODE		chemical (Nextera tagmentation)	>200	1	1_1							/files/ENCFF363TFV/, /files/ENCFF757QJU/	11895056	ENCODE Processing Pipeline	aa898749d398e0823f030af2d8a74c9d		https://www.encodeproject.org/files/ENCFF270DCV/@@download/ENCFF270DCV.tsv	M21			released	s3://encode-public/2021/03/15/187d1717-06b8-4f9a-b4ea-470022cc0e99/ENCFF270DCV.tsv	https://datasetencode.blob.core.windows.net/dataset/2021/03/15/187d1717-06b8-4f9a-b4ea-470022cc0e99/ENCFF270DCV.tsv?sv=2019-10-10&si=prod&sr=c&sig=9qSQZo4ggrCNpybBExU8SypuUZV33igI11xw0P7rB3c%3D	ENCODE4 v1.2.1 mm10 M21	released			
ENCFF531ZPG	bigWig	bigWig		plus strand signal of unique reads	mm10	ENCSR000CHG	polyA plus RNA-seq	/mouse-donors/ENCDO956IXV/	UBERON:0000955	brain	tissue	Mus musculus											polyadenylated mRNA					reverse	2012-05-04	ENCODE		see document	>200	2	2_1							/files/mm10_no_alt.chrom.sizes/, /files/ENCFF423RYQ/	38392743	ENCODE Processing Pipeline	f59ba433354303e5f8643f6d6814c56c		https://www.encodeproject.org/files/ENCFF531ZPG/@@download/ENCFF531ZPG.bigWig	M21			released	s3://encode-public/2022/11/07/7157f393-09ef-464c-ac3b-0bc92fd1c695/ENCFF531ZPG.bigWig	https://datasetencode.blob.core.windows.net/dataset/2022/11/07/7157f393-09ef-464c-ac3b-0bc92fd1c695/ENCFF531ZPG.bigWig?sv=2019-10-10&si=prod&sr=c&sig=9qSQZo4ggrCNpybBExU8SypuUZV33igI11xw0P7rB3c%3D	ENCODE4 v1.2.4 mm10 M21	released	low replicate concordance	insufficient read depth, missing spikeins, insufficient read length	
ENCFF575DGH	bigWig	bigWig		minus strand signal of unique reads	mm10	ENCSR000CHG	polyA plus RNA-seq	/mouse-donors/ENCDO956IXV/	UBERON:0000955	brain	tissue	Mus musculus											polyadenylated mRNA					reverse	2012-05-04	ENCODE		see document	>200	2	2_1							/files/mm10_no_alt.chrom.sizes/, /files/ENCFF423RYQ/	38595599	ENCODE Processing Pipeline	c7b3abb11245d16f4e6448924d5b489d		https://www.encodeproject.org/files/ENCFF575DGH/@@download/ENCFF575DGH.bigWig	M21			released	s3://encode-public/2022/11/07/81828a94-a498-4656-9870-6fe8322b0416/ENCFF575DGH.bigWig	https://datasetencode.blob.core.windows.net/dataset/2022/11/07/81828a94-a498-4656-9870-6fe8322b0416/ENCFF575DGH.bigWig?sv=2019-10-10&si=prod&sr=c&sig=9qSQZo4ggrCNpybBExU8SypuUZV33igI11xw0P7rB3c%3D	ENCODE4 v1.2.4 mm10 M21	released	low replicate concordance	insufficient read depth, missing spikeins, insufficient read length	
ENCFF119NRY	tsv	tsv		gene quantifications	mm10	ENCSR000CHG	polyA plus RNA-seq	/mouse-donors/ENCDO956IXV/	UBERON:0000955	brain	tissue	Mus musculus											polyadenylated mRNA					reverse	2012-05-04	ENCODE		see document	>200	2	2_1							/files/ENCFF363TFV/, /files/ENCFF483WGC/	13106814	ENCODE Processing Pipeline	19731d4ac916b03a18f1f2b70f84ab83		https://www.encodeproject.org/files/ENCFF119NRY/@@download/ENCFF119NRY.tsv	M21			released	s3://encode-public/2022/11/07/cd2c03fb-eedb-4999-9d0a-aaf0d6403674/ENCFF119NRY.tsv	https://datasetencode.blob.core.windows.net/dataset/2022/11/07/cd2c03fb-eedb-4999-9d0a-aaf0d6403674/ENCFF119NRY.tsv?sv=2019-10-10&si=prod&sr=c&sig=9qSQZo4ggrCNpybBExU8SypuUZV33igI11xw0P7rB3c%3D	ENCODE4 v1.2.4 mm10 M21	released	low replicate concordance	insufficient read depth, missing spikeins, insufficient read length	
ENCFF153HZY	bigWig	bigWig		minus strand signal of unique reads	mm10	ENCSR000CHL	polyA plus RNA-seq	/mouse-donors/ENCDO956IXV/	UBERON:0002264	olfactory bulb	tissue	Mus musculus											polyadenylated mRNA					reverse	2012-05-04	ENCODE		see document	>200	2	2_1							/files/mm10_no_alt.chrom.sizes/, /files/ENCFF930QLA/	9723191	ENCODE Processing Pipeline	987339e7191afa1d8f4c9c7e7d023f1f		https://www.encodeproject.org/files/ENCFF153HZY/@@download/ENCFF153HZY.bigWig	M21			released	s3://encode-public/2022/11/07/f2765856-3db0-4d97-89d2-e0b052590bf1/ENCFF153HZY.bigWig	https://datasetencode.blob.core.windows.net/dataset/2022/11/07/f2765856-3db0-4d97-89d2-e0b052590bf1/ENCFF153HZY.bigWig?sv=2019-10-10&si=prod&sr=c&sig=9qSQZo4ggrCNpybBExU8SypuUZV33igI11xw0P7rB3c%3D	ENCODE4 v1.2.4 mm10 M21	released	low replicate concordance	insufficient read depth, missing spikeins, insufficient read length	
ENCFF231BSZ	bigWig	bigWig		plus strand signal of unique reads	mm10	ENCSR000CHL	polyA plus RNA-seq	/mouse-donors/ENCDO956IXV/	UBERON:0002264	olfactory bulb	tissue	Mus musculus											polyadenylated mRNA					reverse	2012-05-04	ENCODE		see document	>200	2	2_1							/files/mm10_no_alt.chrom.sizes/, /files/ENCFF930QLA/	9876709	ENCODE Processing Pipeline	a0289d655ea222854be7c647f7aa7888		https://www.encodeproject.org/files/ENCFF231BSZ/@@download/ENCFF231BSZ.bigWig	M21			released	s3://encode-public/2022/11/07/aa05e178-346d-4594-9ee3-fb2d589e168d/ENCFF231BSZ.bigWig	https://datasetencode.blob.core.windows.net/dataset/2022/11/07/aa05e178-346d-4594-9ee3-fb2d589e168d/ENCFF231BSZ.bigWig?sv=2019-10-10&si=prod&sr=c&sig=9qSQZo4ggrCNpybBExU8SypuUZV33igI11xw0P7rB3c%3D	ENCODE4 v1.2.4 mm10 M21	released	low replicate concordance	insufficient read depth, missing spikeins, insufficient read length	
ENCFF334FPM	tsv	tsv		gene quantifications	mm10	ENCSR000CHL	polyA plus RNA-seq	/mouse-donors/ENCDO956IXV/	UBERON:0002264	olfactory bulb	tissue	Mus musculus											polyadenylated mRNA					reverse	2012-05-04	ENCODE		see document	>200	2	2_1							/files/ENCFF038SSS/, /files/ENCFF363TFV/	13133635	ENCODE Processing Pipeline	eb1a974e66ffabfe6d179d3ec3261bf1		https://www.encodeproject.org/files/ENCFF334FPM/@@download/ENCFF334FPM.tsv	M21			released	s3://encode-public/2022/11/07/0216fddf-c4b1-48c7-9d75-7c7448bed1b4/ENCFF334FPM.tsv	https://datasetencode.blob.core.windows.net/dataset/2022/11/07/0216fddf-c4b1-48c7-9d75-7c7448bed1b4/ENCFF334FPM.tsv?sv=2019-10-10&si=prod&sr=c&sig=9qSQZo4ggrCNpybBExU8SypuUZV33igI11xw0P7rB3c%3D	ENCODE4 v1.2.4 mm10 M21	released	low replicate concordance	insufficient read depth, missing spikeins, insufficient read length	
ENCFF368SJK	bigWig	bigWig		plus strand signal of unique reads	mm10	ENCSR000CHK	polyA plus RNA-seq	/mouse-donors/ENCDO956IXV/	UBERON:0002370	thymus	tissue	Mus musculus											polyadenylated mRNA					reverse	2012-05-04	ENCODE		see document	>200	1	1_1							/files/mm10_no_alt.chrom.sizes/, /files/ENCFF179KIE/	19817477	ENCODE Processing Pipeline	55d269404bc59ba2ab69932dd4e7e27f		https://www.encodeproject.org/files/ENCFF368SJK/@@download/ENCFF368SJK.bigWig	M21			released	s3://encode-public/2022/11/07/c6b576ed-4193-4fe0-ac23-4722ddb659fb/ENCFF368SJK.bigWig	https://datasetencode.blob.core.windows.net/dataset/2022/11/07/c6b576ed-4193-4fe0-ac23-4722ddb659fb/ENCFF368SJK.bigWig?sv=2019-10-10&si=prod&sr=c&sig=9qSQZo4ggrCNpybBExU8SypuUZV33igI11xw0P7rB3c%3D	ENCODE4 v1.2.4 mm10 M21	released	low replicate concordance	insufficient read depth, missing spikeins, insufficient read length	
ENCFF085WLQ	bigWig	bigWig		minus strand signal of unique reads	mm10	ENCSR000CHK	polyA plus RNA-seq	/mouse-donors/ENCDO956IXV/	UBERON:0002370	thymus	tissue	Mus musculus											polyadenylated mRNA					reverse	2012-05-04	ENCODE		see document	>200	1	1_1							/files/mm10_no_alt.chrom.sizes/, /files/ENCFF179KIE/	19257811	ENCODE Processing Pipeline	70b9a355c8548bb5867802f540b17123		https://www.encodeproject.org/files/ENCFF085WLQ/@@download/ENCFF085WLQ.bigWig	M21			released	s3://encode-public/2022/11/07/76c94be4-b97a-409b-a137-31e1a8543114/ENCFF085WLQ.bigWig	https://datasetencode.blob.core.windows.net/dataset/2022/11/07/76c94be4-b97a-409b-a137-31e1a8543114/ENCFF085WLQ.bigWig?sv=2019-10-10&si=prod&sr=c&sig=9qSQZo4ggrCNpybBExU8SypuUZV33igI11xw0P7rB3c%3D	ENCODE4 v1.2.4 mm10 M21	released	low replicate concordance	insufficient read depth, missing spikeins, insufficient read length	
ENCFF338XIX	tsv	tsv		gene quantifications	mm10	ENCSR000CHK	polyA plus RNA-seq	/mouse-donors/ENCDO956IXV/	UBERON:0002370	thymus	tissue	Mus musculus											polyadenylated mRNA					reverse	2012-05-04	ENCODE		see document	>200	1	1_1							/files/ENCFF795DGN/, /files/ENCFF363TFV/	13133598	ENCODE Processing Pipeline	8d55abea4fe577e8312152ebc15e9172		https://www.encodeproject.org/files/ENCFF338XIX/@@download/ENCFF338XIX.tsv	M21			released	s3://encode-public/2022/11/07/7d0c11d8-e20f-427b-ab88-e44fa6445bb3/ENCFF338XIX.tsv	https://datasetencode.blob.core.windows.net/dataset/2022/11/07/7d0c11d8-e20f-427b-ab88-e44fa6445bb3/ENCFF338XIX.tsv?sv=2019-10-10&si=prod&sr=c&sig=9qSQZo4ggrCNpybBExU8SypuUZV33igI11xw0P7rB3c%3D	ENCODE4 v1.2.4 mm10 M21	released	low replicate concordance	insufficient read depth, missing spikeins, insufficient read length	
ENCFF433JKY	bigWig	bigWig		plus strand signal of unique reads	mm10	ENCSR518GDK	polyA plus RNA-seq	/mouse-donors/ENCDO072AAA/	UBERON:0001159	sigmoid colon	tissue	Mus musculus											polyadenylated mRNA		RNeasy Lipid Tissue Mini Kit (QIAGEN cat#74804)			reverse	2014-12-08	ENCODE		chemical (Illumina TruSeq)	350-450	1	1_1							/files/mm10_no_alt.chrom.sizes/, /files/ENCFF550IHQ/	87205414	ENCODE Processing Pipeline	8f8651f8399d1fcba7682a89a37677d2		https://www.encodeproject.org/files/ENCFF433JKY/@@download/ENCFF433JKY.bigWig	M21			released	s3://encode-public/2021/06/01/cadba233-5f9c-40c1-ada9-a5ccb5b88e6e/ENCFF433JKY.bigWig	https://datasetencode.blob.core.windows.net/dataset/2021/06/01/cadba233-5f9c-40c1-ada9-a5ccb5b88e6e/ENCFF433JKY.bigWig?sv=2019-10-10&si=prod&sr=c&sig=9qSQZo4ggrCNpybBExU8SypuUZV33igI11xw0P7rB3c%3D	ENCODE4 v1.2.3 mm10 M21	released	low read depth, low replicate concordance		
ENCFF981GUL	bigWig	bigWig		minus strand signal of unique reads	mm10	ENCSR518GDK	polyA plus RNA-seq	/mouse-donors/ENCDO072AAA/	UBERON:0001159	sigmoid colon	tissue	Mus musculus											polyadenylated mRNA		RNeasy Lipid Tissue Mini Kit (QIAGEN cat#74804)			reverse	2014-12-08	ENCODE		chemical (Illumina TruSeq)	350-450	1	1_1							/files/mm10_no_alt.chrom.sizes/, /files/ENCFF550IHQ/	85138678	ENCODE Processing Pipeline	7de9a70abf9e00388ddbf00a86ab3610		https://www.encodeproject.org/files/ENCFF981GUL/@@download/ENCFF981GUL.bigWig	M21			released	s3://encode-public/2021/06/01/dd8244bc-c15d-48d4-b1da-20228ca1bb2e/ENCFF981GUL.bigWig	https://datasetencode.blob.core.windows.net/dataset/2021/06/01/dd8244bc-c15d-48d4-b1da-20228ca1bb2e/ENCFF981GUL.bigWig?sv=2019-10-10&si=prod&sr=c&sig=9qSQZo4ggrCNpybBExU8SypuUZV33igI11xw0P7rB3c%3D	ENCODE4 v1.2.3 mm10 M21	released	low read depth, low replicate concordance		
ENCFF308FNZ	tsv	tsv		gene quantifications	mm10	ENCSR518GDK	polyA plus RNA-seq	/mouse-donors/ENCDO072AAA/	UBERON:0001159	sigmoid colon	tissue	Mus musculus											polyadenylated mRNA		RNeasy Lipid Tissue Mini Kit (QIAGEN cat#74804)			reverse	2014-12-08	ENCODE		chemical (Illumina TruSeq)	350-450	1	1_1							/files/ENCFF778UHN/, /files/ENCFF363TFV/	11788749	ENCODE Processing Pipeline	7f889dbe00b83a2ab908772b31ae03c2		https://www.encodeproject.org/files/ENCFF308FNZ/@@download/ENCFF308FNZ.tsv	M21			released	s3://encode-public/2021/06/01/2621d8ef-7f5e-4705-aaa0-4b1ef649a4d9/ENCFF308FNZ.tsv	https://datasetencode.blob.core.windows.net/dataset/2021/06/01/2621d8ef-7f5e-4705-aaa0-4b1ef649a4d9/ENCFF308FNZ.tsv?sv=2019-10-10&si=prod&sr=c&sig=9qSQZo4ggrCNpybBExU8SypuUZV33igI11xw0P7rB3c%3D	ENCODE4 v1.2.3 mm10 M21	released	low read depth, low replicate concordance		
ENCFF431GTN	bigWig	bigWig		signal of unique reads	mm10	ENCSR362AIZ	polyA plus RNA-seq	/mouse-donors/ENCDO956IXV/	UBERON:0001890	forebrain	tissue	Mus musculus											polyadenylated mRNA		Ambion mirVana			unstranded	2015-06-23	ENCODE		chemical (Nextera tagmentation)	>200	1	1_1							/files/mm10_no_alt.chrom.sizes/, /files/ENCFF030KGD/	147150365	ENCODE Processing Pipeline	363a2467f49045a14e1801e0e2f65b97		https://www.encodeproject.org/files/ENCFF431GTN/@@download/ENCFF431GTN.bigWig	M21			released	s3://encode-public/2021/03/15/1cbc33d4-15c6-4ccc-bcef-6f8ded64f939/ENCFF431GTN.bigWig	https://datasetencode.blob.core.windows.net/dataset/2021/03/15/1cbc33d4-15c6-4ccc-bcef-6f8ded64f939/ENCFF431GTN.bigWig?sv=2019-10-10&si=prod&sr=c&sig=9qSQZo4ggrCNpybBExU8SypuUZV33igI11xw0P7rB3c%3D	ENCODE4 v1.2.1 mm10 M21	released			
ENCFF484FBW	tsv	tsv		gene quantifications	mm10	ENCSR362AIZ	polyA plus RNA-seq	/mouse-donors/ENCDO956IXV/	UBERON:0001890	forebrain	tissue	Mus musculus											polyadenylated mRNA		Ambion mirVana			unstranded	2015-06-23	ENCODE		chemical (Nextera tagmentation)	>200	1	1_1							/files/ENCFF363TFV/, /files/ENCFF041POC/	11895587	ENCODE Processing Pipeline	76fbd82c3c7f4fe40b9ef06e26c97fa3		https://www.encodeproject.org/files/ENCFF484FBW/@@download/ENCFF484FBW.tsv	M21			released	s3://encode-public/2021/03/15/3ce3568a-f65d-4c5d-9ea1-65e867930f86/ENCFF484FBW.tsv	https://datasetencode.blob.core.windows.net/dataset/2021/03/15/3ce3568a-f65d-4c5d-9ea1-65e867930f86/ENCFF484FBW.tsv?sv=2019-10-10&si=prod&sr=c&sig=9qSQZo4ggrCNpybBExU8SypuUZV33igI11xw0P7rB3c%3D	ENCODE4 v1.2.1 mm10 M21	released			
ENCFF693OVY	tsv	tsv		gene quantifications	mm10	ENCSR772FQU	polyA plus RNA-seq	/mouse-donors/ENCDO956IXV/	UBERON:0001255	urinary bladder	tissue	Mus musculus											polyadenylated mRNA		Ambion mirVana			unstranded	2015-06-23	ENCODE		chemical (Nextera tagmentation)	>200	1	1_1							/files/ENCFF363TFV/, /files/ENCFF805SBX/	11900537	ENCODE Processing Pipeline	04ebf15d07e6516d0c45312abe50eb33		https://www.encodeproject.org/files/ENCFF693OVY/@@download/ENCFF693OVY.tsv	M21			released	s3://encode-public/2021/03/15/5ba34c63-1cf6-4eb3-ae00-c73da1962cd8/ENCFF693OVY.tsv	https://datasetencode.blob.core.windows.net/dataset/2021/03/15/5ba34c63-1cf6-4eb3-ae00-c73da1962cd8/ENCFF693OVY.tsv?sv=2019-10-10&si=prod&sr=c&sig=9qSQZo4ggrCNpybBExU8SypuUZV33igI11xw0P7rB3c%3D	ENCODE4 v1.2.1 mm10 M21	released			
ENCFF177JFM	bigWig	bigWig		signal of unique reads	mm10	ENCSR772FQU	polyA plus RNA-seq	/mouse-donors/ENCDO956IXV/	UBERON:0001255	urinary bladder	tissue	Mus musculus											polyadenylated mRNA		Ambion mirVana			unstranded	2015-06-23	ENCODE		chemical (Nextera tagmentation)	>200	1	1_1							/files/ENCFF924JLI/, /files/mm10_no_alt.chrom.sizes/	141996556	ENCODE Processing Pipeline	2bc05094da2c24e94a3f8f71a80b6ec2		https://www.encodeproject.org/files/ENCFF177JFM/@@download/ENCFF177JFM.bigWig	M21			released	s3://encode-public/2021/03/15/a33294ea-4785-4aef-884e-2e906d594173/ENCFF177JFM.bigWig	https://datasetencode.blob.core.windows.net/dataset/2021/03/15/a33294ea-4785-4aef-884e-2e906d594173/ENCFF177JFM.bigWig?sv=2019-10-10&si=prod&sr=c&sig=9qSQZo4ggrCNpybBExU8SypuUZV33igI11xw0P7rB3c%3D	ENCODE4 v1.2.1 mm10 M21	released			
ENCFF224JVW	bigWig	bigWig		plus strand signal of unique reads	mm10	ENCSR216KLZ	polyA plus RNA-seq	/mouse-donors/ENCDO072AAA/	UBERON:0002107	liver	tissue	Mus musculus											polyadenylated mRNA		RNeasy Lipid Tissue Mini Kit (QIAGEN cat#74804)			reverse	2014-12-08	ENCODE		chemical (Illumina TruSeq)	350-450	1	1_1							/files/mm10_no_alt.chrom.sizes/, /files/ENCFF410RXW/	49672434	ENCODE Processing Pipeline	96a79d9b1d1aa22385894436f075321a		https://www.encodeproject.org/files/ENCFF224JVW/@@download/ENCFF224JVW.bigWig	M21			released	s3://encode-public/2021/04/05/da80d027-e98e-4239-8647-cea3533f4ead/ENCFF224JVW.bigWig	https://datasetencode.blob.core.windows.net/dataset/2021/04/05/da80d027-e98e-4239-8647-cea3533f4ead/ENCFF224JVW.bigWig?sv=2019-10-10&si=prod&sr=c&sig=9qSQZo4ggrCNpybBExU8SypuUZV33igI11xw0P7rB3c%3D	ENCODE4 v1.2.3 mm10 M21	released	low read depth, low replicate concordance		
ENCFF946VFQ	bigWig	bigWig		minus strand signal of unique reads	mm10	ENCSR216KLZ	polyA plus RNA-seq	/mouse-donors/ENCDO072AAA/	UBERON:0002107	liver	tissue	Mus musculus											polyadenylated mRNA		RNeasy Lipid Tissue Mini Kit (QIAGEN cat#74804)			reverse	2014-12-08	ENCODE		chemical (Illumina TruSeq)	350-450	1	1_1							/files/mm10_no_alt.chrom.sizes/, /files/ENCFF410RXW/	48677770	ENCODE Processing Pipeline	a76de464a2c4173397fda3c649753c8c		https://www.encodeproject.org/files/ENCFF946VFQ/@@download/ENCFF946VFQ.bigWig	M21			released	s3://encode-public/2021/04/05/4a549300-b7b3-465f-8936-a2bbb35107f6/ENCFF946VFQ.bigWig	https://datasetencode.blob.core.windows.net/dataset/2021/04/05/4a549300-b7b3-465f-8936-a2bbb35107f6/ENCFF946VFQ.bigWig?sv=2019-10-10&si=prod&sr=c&sig=9qSQZo4ggrCNpybBExU8SypuUZV33igI11xw0P7rB3c%3D	ENCODE4 v1.2.3 mm10 M21	released	low read depth, low replicate concordance		
ENCFF680TRV	tsv	tsv		gene quantifications	mm10	ENCSR216KLZ	polyA plus RNA-seq	/mouse-donors/ENCDO072AAA/	UBERON:0002107	liver	tissue	Mus musculus											polyadenylated mRNA		RNeasy Lipid Tissue Mini Kit (QIAGEN cat#74804)			reverse	2014-12-08	ENCODE		chemical (Illumina TruSeq)	350-450	1	1_1							/files/ENCFF363TFV/, /files/ENCFF506VBI/	11786171	ENCODE Processing Pipeline	998879aac0c3d04c7e80e993612084be		https://www.encodeproject.org/files/ENCFF680TRV/@@download/ENCFF680TRV.tsv	M21			released	s3://encode-public/2021/04/05/9d3b20f5-5225-472c-8720-c4f5862c4413/ENCFF680TRV.tsv	https://datasetencode.blob.core.windows.net/dataset/2021/04/05/9d3b20f5-5225-472c-8720-c4f5862c4413/ENCFF680TRV.tsv?sv=2019-10-10&si=prod&sr=c&sig=9qSQZo4ggrCNpybBExU8SypuUZV33igI11xw0P7rB3c%3D	ENCODE4 v1.2.3 mm10 M21	released	low read depth, low replicate concordance		
ENCFF442LMJ	bigWig	bigWig		minus strand signal of unique reads	mm10	ENCSR248XKS	polyA plus RNA-seq	/mouse-donors/ENCDO072AAA/	UBERON:0001264	pancreas	tissue	Mus musculus											polyadenylated mRNA		RNeasy Lipid Tissue Mini Kit (QIAGEN cat#74804)			reverse	2015-01-08	ENCODE		chemical (Illumina TruSeq)	350-450	1	1_2							/files/mm10_no_alt.chrom.sizes/, /files/ENCFF329CCU/	21450180	ENCODE Processing Pipeline	6c4b8e44f60de9f9c845f3d9932c3600		https://www.encodeproject.org/files/ENCFF442LMJ/@@download/ENCFF442LMJ.bigWig	M21			released	s3://encode-public/2021/04/05/32a86df2-ee03-4edc-ac6d-c2fd8a7e863e/ENCFF442LMJ.bigWig	https://datasetencode.blob.core.windows.net/dataset/2021/04/05/32a86df2-ee03-4edc-ac6d-c2fd8a7e863e/ENCFF442LMJ.bigWig?sv=2019-10-10&si=prod&sr=c&sig=9qSQZo4ggrCNpybBExU8SypuUZV33igI11xw0P7rB3c%3D	ENCODE4 v1.2.3 mm10 M21	released	low read depth, low replicate concordance	insufficient read depth	
ENCFF648BAP	bigWig	bigWig		plus strand signal of unique reads	mm10	ENCSR248XKS	polyA plus RNA-seq	/mouse-donors/ENCDO072AAA/	UBERON:0001264	pancreas	tissue	Mus musculus											polyadenylated mRNA		RNeasy Lipid Tissue Mini Kit (QIAGEN cat#74804)			reverse	2015-01-08	ENCODE		chemical (Illumina TruSeq)	350-450	1	1_2							/files/mm10_no_alt.chrom.sizes/, /files/ENCFF329CCU/	22230269	ENCODE Processing Pipeline	2c2cacba756aa7e9b44aa9039fa4accf		https://www.encodeproject.org/files/ENCFF648BAP/@@download/ENCFF648BAP.bigWig	M21			released	s3://encode-public/2021/04/05/398a89ef-3b8f-4a44-a425-ece472f22965/ENCFF648BAP.bigWig	https://datasetencode.blob.core.windows.net/dataset/2021/04/05/398a89ef-3b8f-4a44-a425-ece472f22965/ENCFF648BAP.bigWig?sv=2019-10-10&si=prod&sr=c&sig=9qSQZo4ggrCNpybBExU8SypuUZV33igI11xw0P7rB3c%3D	ENCODE4 v1.2.3 mm10 M21	released	low read depth, low replicate concordance	insufficient read depth	
ENCFF685YED	tsv	tsv		gene quantifications	mm10	ENCSR248XKS	polyA plus RNA-seq	/mouse-donors/ENCDO072AAA/	UBERON:0001264	pancreas	tissue	Mus musculus											polyadenylated mRNA		RNeasy Lipid Tissue Mini Kit (QIAGEN cat#74804)			reverse	2015-01-08	ENCODE		chemical (Illumina TruSeq)	350-450	1	1_2							/files/ENCFF363TFV/, /files/ENCFF029ZQU/	11731455	ENCODE Processing Pipeline	8f78276f325122844f65882bc3c1dc57		https://www.encodeproject.org/files/ENCFF685YED/@@download/ENCFF685YED.tsv	M21			released	s3://encode-public/2021/04/05/34c13107-a703-4ab4-9eb8-09cabf1aa409/ENCFF685YED.tsv	https://datasetencode.blob.core.windows.net/dataset/2021/04/05/34c13107-a703-4ab4-9eb8-09cabf1aa409/ENCFF685YED.tsv?sv=2019-10-10&si=prod&sr=c&sig=9qSQZo4ggrCNpybBExU8SypuUZV33igI11xw0P7rB3c%3D	ENCODE4 v1.2.3 mm10 M21	released	low read depth, low replicate concordance	insufficient read depth	
ENCFF304ILZ	tsv	tsv		gene quantifications	mm10	ENCSR559TRB	polyA plus RNA-seq	/mouse-donors/ENCDO956IXV/	UBERON:0002028	hindbrain	tissue	Mus musculus											polyadenylated mRNA		Ambion mirVana			unstranded	2014-12-17	ENCODE		chemical (Nextera tagmentation)	>200	1	1_1							/files/ENCFF363TFV/, /files/ENCFF482DWO/	11883871	ENCODE Processing Pipeline	10279056a175e644bf4eb138f4907ad1		https://www.encodeproject.org/files/ENCFF304ILZ/@@download/ENCFF304ILZ.tsv	M21			released	s3://encode-public/2021/03/15/fb31c9e6-9e4c-48ac-a59e-be04919772f1/ENCFF304ILZ.tsv	https://datasetencode.blob.core.windows.net/dataset/2021/03/15/fb31c9e6-9e4c-48ac-a59e-be04919772f1/ENCFF304ILZ.tsv?sv=2019-10-10&si=prod&sr=c&sig=9qSQZo4ggrCNpybBExU8SypuUZV33igI11xw0P7rB3c%3D	ENCODE4 v1.2.1 mm10 M21	released			
ENCFF669KGM	bigWig	bigWig		signal of unique reads	mm10	ENCSR559TRB	polyA plus RNA-seq	/mouse-donors/ENCDO956IXV/	UBERON:0002028	hindbrain	tissue	Mus musculus											polyadenylated mRNA		Ambion mirVana			unstranded	2014-12-17	ENCODE		chemical (Nextera tagmentation)	>200	1	1_1							/files/mm10_no_alt.chrom.sizes/, /files/ENCFF837JTB/	197959626	ENCODE Processing Pipeline	921105e44d6e62ca8eb821659f7024f0		https://www.encodeproject.org/files/ENCFF669KGM/@@download/ENCFF669KGM.bigWig	M21			released	s3://encode-public/2021/03/15/dd0779c6-7636-46d5-90f4-b707b8286fd5/ENCFF669KGM.bigWig	https://datasetencode.blob.core.windows.net/dataset/2021/03/15/dd0779c6-7636-46d5-90f4-b707b8286fd5/ENCFF669KGM.bigWig?sv=2019-10-10&si=prod&sr=c&sig=9qSQZo4ggrCNpybBExU8SypuUZV33igI11xw0P7rB3c%3D	ENCODE4 v1.2.1 mm10 M21	released			
ENCFF716ZBD	bigWig	bigWig		plus strand signal of unique reads	mm10	ENCSR288TLO	polyA plus RNA-seq	/mouse-donors/ENCDO072AAA/	UBERON:0001013	adipose tissue	tissue	Mus musculus											polyadenylated mRNA		RNeasy Lipid Tissue Mini Kit (QIAGEN cat#74804)			reverse	2014-12-08	ENCODE		chemical (Illumina TruSeq)	350-450	1	1_2							/files/mm10_no_alt.chrom.sizes/, /files/ENCFF828SAE/	85084287	ENCODE Processing Pipeline	7aa29c77c814c50f18bdccf71078bdbc		https://www.encodeproject.org/files/ENCFF716ZBD/@@download/ENCFF716ZBD.bigWig	M21			released	s3://encode-public/2021/04/07/b1d57444-0bec-4313-afd5-31ad981f2d03/ENCFF716ZBD.bigWig	https://datasetencode.blob.core.windows.net/dataset/2021/04/07/b1d57444-0bec-4313-afd5-31ad981f2d03/ENCFF716ZBD.bigWig?sv=2019-10-10&si=prod&sr=c&sig=9qSQZo4ggrCNpybBExU8SypuUZV33igI11xw0P7rB3c%3D	ENCODE4 v1.2.3 mm10 M21	released	low read depth, low replicate concordance		
ENCFF309EBO	bigWig	bigWig		minus strand signal of unique reads	mm10	ENCSR288TLO	polyA plus RNA-seq	/mouse-donors/ENCDO072AAA/	UBERON:0001013	adipose tissue	tissue	Mus musculus											polyadenylated mRNA		RNeasy Lipid Tissue Mini Kit (QIAGEN cat#74804)			reverse	2014-12-08	ENCODE		chemical (Illumina TruSeq)	350-450	1	1_2							/files/mm10_no_alt.chrom.sizes/, /files/ENCFF828SAE/	84232129	ENCODE Processing Pipeline	f8f6acb28de4d269d3473e2c98467ed7		https://www.encodeproject.org/files/ENCFF309EBO/@@download/ENCFF309EBO.bigWig	M21			released	s3://encode-public/2021/04/07/af0ed793-7fac-4c58-9e43-6ffecba46772/ENCFF309EBO.bigWig	https://datasetencode.blob.core.windows.net/dataset/2021/04/07/af0ed793-7fac-4c58-9e43-6ffecba46772/ENCFF309EBO.bigWig?sv=2019-10-10&si=prod&sr=c&sig=9qSQZo4ggrCNpybBExU8SypuUZV33igI11xw0P7rB3c%3D	ENCODE4 v1.2.3 mm10 M21	released	low read depth, low replicate concordance		
ENCFF687UIP	tsv	tsv		gene quantifications	mm10	ENCSR288TLO	polyA plus RNA-seq	/mouse-donors/ENCDO072AAA/	UBERON:0001013	adipose tissue	tissue	Mus musculus											polyadenylated mRNA		RNeasy Lipid Tissue Mini Kit (QIAGEN cat#74804)			reverse	2014-12-08	ENCODE		chemical (Illumina TruSeq)	350-450	1	1_2							/files/ENCFF281NUA/, /files/ENCFF363TFV/	11784622	ENCODE Processing Pipeline	cfc6880b0d5e442ba49f3ad1ff9b5928		https://www.encodeproject.org/files/ENCFF687UIP/@@download/ENCFF687UIP.tsv	M21			released	s3://encode-public/2021/04/07/cbac2293-b048-4075-8ade-2a34158a956c/ENCFF687UIP.tsv	https://datasetencode.blob.core.windows.net/dataset/2021/04/07/cbac2293-b048-4075-8ade-2a34158a956c/ENCFF687UIP.tsv?sv=2019-10-10&si=prod&sr=c&sig=9qSQZo4ggrCNpybBExU8SypuUZV33igI11xw0P7rB3c%3D	ENCODE4 v1.2.3 mm10 M21	released	low read depth, low replicate concordance		
ENCFF343KIR	tsv	tsv		gene quantifications	mm10	ENCSR337FYI	polyA plus RNA-seq	/mouse-donors/ENCDO956IXV/	UBERON:0001049	neural tube	tissue	Mus musculus											polyadenylated mRNA		Ambion mirVana			unstranded	2014-11-20	ENCODE		chemical (Nextera tagmentation)	>200	2	2_1							/files/ENCFF363TFV/, /files/ENCFF296GOV/	11885388	ENCODE Processing Pipeline	911fb59f604e576fcd80e39a7e4f0f6e		https://www.encodeproject.org/files/ENCFF343KIR/@@download/ENCFF343KIR.tsv	M21			released	s3://encode-public/2021/03/15/3193578f-ba5a-4a7b-8926-e2671dbc56c5/ENCFF343KIR.tsv	https://datasetencode.blob.core.windows.net/dataset/2021/03/15/3193578f-ba5a-4a7b-8926-e2671dbc56c5/ENCFF343KIR.tsv?sv=2019-10-10&si=prod&sr=c&sig=9qSQZo4ggrCNpybBExU8SypuUZV33igI11xw0P7rB3c%3D	ENCODE4 v1.2.1 mm10 M21	released			
ENCFF197NSK	bigWig	bigWig		signal of unique reads	mm10	ENCSR337FYI	polyA plus RNA-seq	/mouse-donors/ENCDO956IXV/	UBERON:0001049	neural tube	tissue	Mus musculus											polyadenylated mRNA		Ambion mirVana			unstranded	2014-11-20	ENCODE		chemical (Nextera tagmentation)	>200	2	2_1							/files/ENCFF792ECU/, /files/mm10_no_alt.chrom.sizes/	131225729	ENCODE Processing Pipeline	5867e285628b69bbea65eab9b8e216ff		https://www.encodeproject.org/files/ENCFF197NSK/@@download/ENCFF197NSK.bigWig	M21			released	s3://encode-public/2021/03/15/cf12da7e-df0e-42a7-ac8b-6dc8e9f0b5e3/ENCFF197NSK.bigWig	https://datasetencode.blob.core.windows.net/dataset/2021/03/15/cf12da7e-df0e-42a7-ac8b-6dc8e9f0b5e3/ENCFF197NSK.bigWig?sv=2019-10-10&si=prod&sr=c&sig=9qSQZo4ggrCNpybBExU8SypuUZV33igI11xw0P7rB3c%3D	ENCODE4 v1.2.1 mm10 M21	released			
ENCFF386ZTW	tsv	tsv		gene quantifications	mm10	ENCSR982MRY	polyA plus RNA-seq	/mouse-donors/ENCDO956IXV/	UBERON:0002048	lung	tissue	Mus musculus											polyadenylated mRNA		Ambion mirVana			unstranded	2015-06-23	ENCODE		chemical (Nextera tagmentation)	>200	1	1_1							/files/ENCFF363TFV/, /files/ENCFF783ILP/	11902110	ENCODE Processing Pipeline	3c4874c1cb195f0920c373277350a876		https://www.encodeproject.org/files/ENCFF386ZTW/@@download/ENCFF386ZTW.tsv	M21			released	s3://encode-public/2021/03/24/f63f8066-96c3-4ae6-bdca-3ecb22ef7093/ENCFF386ZTW.tsv	https://datasetencode.blob.core.windows.net/dataset/2021/03/24/f63f8066-96c3-4ae6-bdca-3ecb22ef7093/ENCFF386ZTW.tsv?sv=2019-10-10&si=prod&sr=c&sig=9qSQZo4ggrCNpybBExU8SypuUZV33igI11xw0P7rB3c%3D	ENCODE4 v1.2.1 mm10 M21	released			
ENCFF570WAR	bigWig	bigWig		signal of unique reads	mm10	ENCSR982MRY	polyA plus RNA-seq	/mouse-donors/ENCDO956IXV/	UBERON:0002048	lung	tissue	Mus musculus											polyadenylated mRNA		Ambion mirVana			unstranded	2015-06-23	ENCODE		chemical (Nextera tagmentation)	>200	1	1_1							/files/ENCFF630KND/, /files/mm10_no_alt.chrom.sizes/	153934718	ENCODE Processing Pipeline	dd6c142c0f7a56eb6fe77778f0f031fd		https://www.encodeproject.org/files/ENCFF570WAR/@@download/ENCFF570WAR.bigWig	M21			released	s3://encode-public/2021/03/24/92bb27f3-dc48-459b-a2a2-9962e7f79147/ENCFF570WAR.bigWig	https://datasetencode.blob.core.windows.net/dataset/2021/03/24/92bb27f3-dc48-459b-a2a2-9962e7f79147/ENCFF570WAR.bigWig?sv=2019-10-10&si=prod&sr=c&sig=9qSQZo4ggrCNpybBExU8SypuUZV33igI11xw0P7rB3c%3D	ENCODE4 v1.2.1 mm10 M21	released			
ENCFF391LYN	bigWig	bigWig		plus strand signal of unique reads	mm10	ENCSR000CHD	polyA plus RNA-seq	/mouse-donors/ENCDO956IXV/	UBERON:0001987	placenta	tissue	Mus musculus											polyadenylated mRNA					reverse	2012-05-04	ENCODE		see document	>200	1	1_1							/files/ENCFF306YTA/, /files/mm10_no_alt.chrom.sizes/	30608023	ENCODE Processing Pipeline	46a272cf3121faf2039fe3dee43b80d0		https://www.encodeproject.org/files/ENCFF391LYN/@@download/ENCFF391LYN.bigWig	M21			released	s3://encode-public/2022/11/07/15528463-e0e7-45d1-9be6-335e09d23a65/ENCFF391LYN.bigWig	https://datasetencode.blob.core.windows.net/dataset/2022/11/07/15528463-e0e7-45d1-9be6-335e09d23a65/ENCFF391LYN.bigWig?sv=2019-10-10&si=prod&sr=c&sig=9qSQZo4ggrCNpybBExU8SypuUZV33igI11xw0P7rB3c%3D	ENCODE4 v1.2.4 mm10 M21	released	low replicate concordance	insufficient read depth, missing spikeins, insufficient read length	
ENCFF263FUQ	bigWig	bigWig		minus strand signal of unique reads	mm10	ENCSR000CHD	polyA plus RNA-seq	/mouse-donors/ENCDO956IXV/	UBERON:0001987	placenta	tissue	Mus musculus											polyadenylated mRNA					reverse	2012-05-04	ENCODE		see document	>200	1	1_1							/files/ENCFF306YTA/, /files/mm10_no_alt.chrom.sizes/	29990278	ENCODE Processing Pipeline	e9d664e888851253abe8c714bdbfbad4		https://www.encodeproject.org/files/ENCFF263FUQ/@@download/ENCFF263FUQ.bigWig	M21			released	s3://encode-public/2022/11/07/706fd7c2-2468-407b-9d08-da3899a3771b/ENCFF263FUQ.bigWig	https://datasetencode.blob.core.windows.net/dataset/2022/11/07/706fd7c2-2468-407b-9d08-da3899a3771b/ENCFF263FUQ.bigWig?sv=2019-10-10&si=prod&sr=c&sig=9qSQZo4ggrCNpybBExU8SypuUZV33igI11xw0P7rB3c%3D	ENCODE4 v1.2.4 mm10 M21	released	low replicate concordance	insufficient read depth, missing spikeins, insufficient read length	
ENCFF971SAL	tsv	tsv		gene quantifications	mm10	ENCSR000CHD	polyA plus RNA-seq	/mouse-donors/ENCDO956IXV/	UBERON:0001987	placenta	tissue	Mus musculus											polyadenylated mRNA					reverse	2012-05-04	ENCODE		see document	>200	1	1_1							/files/ENCFF358RUR/, /files/ENCFF363TFV/	13101978	ENCODE Processing Pipeline	1b72a85cf2945b37e215bfbd97e7edbf		https://www.encodeproject.org/files/ENCFF971SAL/@@download/ENCFF971SAL.tsv	M21			released	s3://encode-public/2022/11/07/ec153c2a-51ed-4ef3-8a96-32e37ba35c90/ENCFF971SAL.tsv	https://datasetencode.blob.core.windows.net/dataset/2022/11/07/ec153c2a-51ed-4ef3-8a96-32e37ba35c90/ENCFF971SAL.tsv?sv=2019-10-10&si=prod&sr=c&sig=9qSQZo4ggrCNpybBExU8SypuUZV33igI11xw0P7rB3c%3D	ENCODE4 v1.2.4 mm10 M21	released	low replicate concordance	insufficient read depth, missing spikeins, insufficient read length	
ENCFF050VFD	bigWig	bigWig		signal of unique reads	mm10	ENCSR719NAJ	polyA plus RNA-seq	/mouse-donors/ENCDO956IXV/	UBERON:0001891	midbrain	tissue	Mus musculus											polyadenylated mRNA		Ambion mirVana			unstranded	2015-06-23	ENCODE		chemical (Nextera tagmentation)	>200	2	2_1							/files/ENCFF389WKB/, /files/mm10_no_alt.chrom.sizes/	172799764	ENCODE Processing Pipeline	f2e124a8efd9f876eb9169cbdf2d0648		https://www.encodeproject.org/files/ENCFF050VFD/@@download/ENCFF050VFD.bigWig	M21			released	s3://encode-public/2021/03/15/0f885702-fd3d-4e19-aca4-3436227d656f/ENCFF050VFD.bigWig	https://datasetencode.blob.core.windows.net/dataset/2021/03/15/0f885702-fd3d-4e19-aca4-3436227d656f/ENCFF050VFD.bigWig?sv=2019-10-10&si=prod&sr=c&sig=9qSQZo4ggrCNpybBExU8SypuUZV33igI11xw0P7rB3c%3D	ENCODE4 v1.2.1 mm10 M21	released			
ENCFF532MRQ	tsv	tsv		gene quantifications	mm10	ENCSR719NAJ	polyA plus RNA-seq	/mouse-donors/ENCDO956IXV/	UBERON:0001891	midbrain	tissue	Mus musculus											polyadenylated mRNA		Ambion mirVana			unstranded	2015-06-23	ENCODE		chemical (Nextera tagmentation)	>200	2	2_1							/files/ENCFF894GMI/, /files/ENCFF363TFV/	11892525	ENCODE Processing Pipeline	1b940c2263ff31b2f4bb19cb5e0f1d73		https://www.encodeproject.org/files/ENCFF532MRQ/@@download/ENCFF532MRQ.tsv	M21			released	s3://encode-public/2021/03/15/0d126916-61f7-46ba-89b6-9837796b70e7/ENCFF532MRQ.tsv	https://datasetencode.blob.core.windows.net/dataset/2021/03/15/0d126916-61f7-46ba-89b6-9837796b70e7/ENCFF532MRQ.tsv?sv=2019-10-10&si=prod&sr=c&sig=9qSQZo4ggrCNpybBExU8SypuUZV33igI11xw0P7rB3c%3D	ENCODE4 v1.2.1 mm10 M21	released			
ENCFF867NEL	tsv	tsv		gene quantifications	mm10	ENCSR792RJV	polyA plus RNA-seq	/mouse-donors/ENCDO956IXV/	UBERON:0001891	midbrain	tissue	Mus musculus											polyadenylated mRNA		Ambion mirVana			unstranded	2015-10-13	ENCODE		chemical (Nextera tagmentation)	>200	2	2_1							/files/ENCFF899RDB/, /files/ENCFF363TFV/	11893916	ENCODE Processing Pipeline	d9a0613cfb230baa006a4b07011f2d6c		https://www.encodeproject.org/files/ENCFF867NEL/@@download/ENCFF867NEL.tsv	M21			released	s3://encode-public/2021/03/15/788cc674-064f-4914-a32d-15551a7e222a/ENCFF867NEL.tsv	https://datasetencode.blob.core.windows.net/dataset/2021/03/15/788cc674-064f-4914-a32d-15551a7e222a/ENCFF867NEL.tsv?sv=2019-10-10&si=prod&sr=c&sig=9qSQZo4ggrCNpybBExU8SypuUZV33igI11xw0P7rB3c%3D	ENCODE4 v1.2.1 mm10 M21	released			
ENCFF877OIK	bigWig	bigWig		signal of unique reads	mm10	ENCSR792RJV	polyA plus RNA-seq	/mouse-donors/ENCDO956IXV/	UBERON:0001891	midbrain	tissue	Mus musculus											polyadenylated mRNA		Ambion mirVana			unstranded	2015-10-13	ENCODE		chemical (Nextera tagmentation)	>200	2	2_1							/files/mm10_no_alt.chrom.sizes/, /files/ENCFF039XSQ/	213483400	ENCODE Processing Pipeline	2f0031e4b0d634ed2030da42f5ac5d88		https://www.encodeproject.org/files/ENCFF877OIK/@@download/ENCFF877OIK.bigWig	M21			released	s3://encode-public/2021/03/15/9d0b2a2a-0d5f-42d7-9d2c-85155ee8f609/ENCFF877OIK.bigWig	https://datasetencode.blob.core.windows.net/dataset/2021/03/15/9d0b2a2a-0d5f-42d7-9d2c-85155ee8f609/ENCFF877OIK.bigWig?sv=2019-10-10&si=prod&sr=c&sig=9qSQZo4ggrCNpybBExU8SypuUZV33igI11xw0P7rB3c%3D	ENCODE4 v1.2.1 mm10 M21	released			
ENCFF368UUM	tsv	tsv		gene quantifications	mm10	ENCSR579FCW	polyA plus RNA-seq	/mouse-donors/ENCDO956IXV/	UBERON:0002106	spleen	tissue	Mus musculus											polyadenylated mRNA		Ambion mirVana			unstranded	2015-06-23	ENCODE		chemical (Nextera tagmentation)	>200	1	1_1							/files/ENCFF363TFV/, /files/ENCFF800SSR/	11886569	ENCODE Processing Pipeline	e492bd3512a00380aa53efe9283265b1		https://www.encodeproject.org/files/ENCFF368UUM/@@download/ENCFF368UUM.tsv	M21			released	s3://encode-public/2021/03/15/865c1db7-65b4-40a6-affb-da31b68d8323/ENCFF368UUM.tsv	https://datasetencode.blob.core.windows.net/dataset/2021/03/15/865c1db7-65b4-40a6-affb-da31b68d8323/ENCFF368UUM.tsv?sv=2019-10-10&si=prod&sr=c&sig=9qSQZo4ggrCNpybBExU8SypuUZV33igI11xw0P7rB3c%3D	ENCODE4 v1.2.1 mm10 M21	released			
ENCFF271VFJ	bigWig	bigWig		signal of unique reads	mm10	ENCSR579FCW	polyA plus RNA-seq	/mouse-donors/ENCDO956IXV/	UBERON:0002106	spleen	tissue	Mus musculus											polyadenylated mRNA		Ambion mirVana			unstranded	2015-06-23	ENCODE		chemical (Nextera tagmentation)	>200	1	1_1							/files/ENCFF966PFP/, /files/mm10_no_alt.chrom.sizes/	151127014	ENCODE Processing Pipeline	ae215220c5587c65e7e3726c0ec63cdd		https://www.encodeproject.org/files/ENCFF271VFJ/@@download/ENCFF271VFJ.bigWig	M21			released	s3://encode-public/2021/03/15/5d8e06bb-66f0-4fb6-9992-fb6719cfeb82/ENCFF271VFJ.bigWig	https://datasetencode.blob.core.windows.net/dataset/2021/03/15/5d8e06bb-66f0-4fb6-9992-fb6719cfeb82/ENCFF271VFJ.bigWig?sv=2019-10-10&si=prod&sr=c&sig=9qSQZo4ggrCNpybBExU8SypuUZV33igI11xw0P7rB3c%3D	ENCODE4 v1.2.1 mm10 M21	released			
ENCFF449ACY	tsv	tsv		gene quantifications	mm10	ENCSR504GEG	polyA plus RNA-seq	/mouse-donors/ENCDO956IXV/	UBERON:0002113	kidney	tissue	Mus musculus											polyadenylated mRNA		Ambion mirVana			unstranded	2014-12-17	ENCODE		chemical (Nextera tagmentation)	>200	1	1_1							/files/ENCFF977WBX/, /files/ENCFF363TFV/	11882111	ENCODE Processing Pipeline	ef87db896c2f0268ac6a5329ae9f6eb3		https://www.encodeproject.org/files/ENCFF449ACY/@@download/ENCFF449ACY.tsv	M21			released	s3://encode-public/2021/03/15/72e917a3-3220-42c4-9c8f-caed5a1ca995/ENCFF449ACY.tsv	https://datasetencode.blob.core.windows.net/dataset/2021/03/15/72e917a3-3220-42c4-9c8f-caed5a1ca995/ENCFF449ACY.tsv?sv=2019-10-10&si=prod&sr=c&sig=9qSQZo4ggrCNpybBExU8SypuUZV33igI11xw0P7rB3c%3D	ENCODE4 v1.2.1 mm10 M21	released			
ENCFF846JTZ	bigWig	bigWig		signal of unique reads	mm10	ENCSR504GEG	polyA plus RNA-seq	/mouse-donors/ENCDO956IXV/	UBERON:0002113	kidney	tissue	Mus musculus											polyadenylated mRNA		Ambion mirVana			unstranded	2014-12-17	ENCODE		chemical (Nextera tagmentation)	>200	1	1_1							/files/ENCFF895NAR/, /files/mm10_no_alt.chrom.sizes/	163629953	ENCODE Processing Pipeline	507a1da4740426d7a0014683b52ac9d4		https://www.encodeproject.org/files/ENCFF846JTZ/@@download/ENCFF846JTZ.bigWig	M21			released	s3://encode-public/2021/03/15/7cc68af5-efaf-4896-87b9-cd4cfcd47344/ENCFF846JTZ.bigWig	https://datasetencode.blob.core.windows.net/dataset/2021/03/15/7cc68af5-efaf-4896-87b9-cd4cfcd47344/ENCFF846JTZ.bigWig?sv=2019-10-10&si=prod&sr=c&sig=9qSQZo4ggrCNpybBExU8SypuUZV33igI11xw0P7rB3c%3D	ENCODE4 v1.2.1 mm10 M21	released			
ENCFF723OSL	bigWig	bigWig		signal of unique reads	mm10	ENCSR541XZK	polyA plus RNA-seq	/mouse-donors/ENCDO956IXV/	UBERON:0002101	limb	tissue	Mus musculus											polyadenylated mRNA		Ambion mirVana			unstranded	2014-11-20	ENCODE		chemical (Nextera tagmentation)	>200	1	1_1							/files/ENCFF459OJB/, /files/mm10_no_alt.chrom.sizes/	170111395	ENCODE Processing Pipeline	ac64474bc0d3e6b61eda6e80a198d60c		https://www.encodeproject.org/files/ENCFF723OSL/@@download/ENCFF723OSL.bigWig	M21			released	s3://encode-public/2021/03/15/fbdfaddf-afce-469e-bc76-9f03d89bfbc4/ENCFF723OSL.bigWig	https://datasetencode.blob.core.windows.net/dataset/2021/03/15/fbdfaddf-afce-469e-bc76-9f03d89bfbc4/ENCFF723OSL.bigWig?sv=2019-10-10&si=prod&sr=c&sig=9qSQZo4ggrCNpybBExU8SypuUZV33igI11xw0P7rB3c%3D	ENCODE4 v1.2.1 mm10 M21	released			
ENCFF836WUM	tsv	tsv		gene quantifications	mm10	ENCSR541XZK	polyA plus RNA-seq	/mouse-donors/ENCDO956IXV/	UBERON:0002101	limb	tissue	Mus musculus											polyadenylated mRNA		Ambion mirVana			unstranded	2014-11-20	ENCODE		chemical (Nextera tagmentation)	>200	1	1_1							/files/ENCFF363TFV/, /files/ENCFF868OVL/	11902399	ENCODE Processing Pipeline	f2627f7e4a2b000a19a493ece2ae0775		https://www.encodeproject.org/files/ENCFF836WUM/@@download/ENCFF836WUM.tsv	M21			released	s3://encode-public/2021/03/15/c4d5b5a8-46c9-42ea-bd62-d8162bd6f87a/ENCFF836WUM.tsv	https://datasetencode.blob.core.windows.net/dataset/2021/03/15/c4d5b5a8-46c9-42ea-bd62-d8162bd6f87a/ENCFF836WUM.tsv?sv=2019-10-10&si=prod&sr=c&sig=9qSQZo4ggrCNpybBExU8SypuUZV33igI11xw0P7rB3c%3D	ENCODE4 v1.2.1 mm10 M21	released			
ENCFF561NBF	bigWig	bigWig		signal of unique reads	mm10	ENCSR823VEE	polyA plus RNA-seq	/mouse-donors/ENCDO956IXV/	UBERON:0012314	embryonic facial prominence	tissue	Mus musculus											polyadenylated mRNA		Ambion mirVana			unstranded	2014-12-17	ENCODE		chemical (Nextera tagmentation)	>200	2	2_1							/files/ENCFF458WBO/, /files/mm10_no_alt.chrom.sizes/	162043968	ENCODE Processing Pipeline	5feccca09e208dcdcff3ae599b606347		https://www.encodeproject.org/files/ENCFF561NBF/@@download/ENCFF561NBF.bigWig	M21			released	s3://encode-public/2021/03/15/1521ffbb-bbac-4c8a-98e7-70cbad408c6c/ENCFF561NBF.bigWig	https://datasetencode.blob.core.windows.net/dataset/2021/03/15/1521ffbb-bbac-4c8a-98e7-70cbad408c6c/ENCFF561NBF.bigWig?sv=2019-10-10&si=prod&sr=c&sig=9qSQZo4ggrCNpybBExU8SypuUZV33igI11xw0P7rB3c%3D	ENCODE4 v1.2.1 mm10 M21	released			
ENCFF932AJG	tsv	tsv		gene quantifications	mm10	ENCSR823VEE	polyA plus RNA-seq	/mouse-donors/ENCDO956IXV/	UBERON:0012314	embryonic facial prominence	tissue	Mus musculus											polyadenylated mRNA		Ambion mirVana			unstranded	2014-12-17	ENCODE		chemical (Nextera tagmentation)	>200	2	2_1							/files/ENCFF363TFV/, /files/ENCFF812ZOZ/	11890002	ENCODE Processing Pipeline	e60be6ed86dbd7c93107b17f0d26897f		https://www.encodeproject.org/files/ENCFF932AJG/@@download/ENCFF932AJG.tsv	M21			released	s3://encode-public/2021/03/15/2400dffe-f15d-4d0e-b3d2-0d2536421e31/ENCFF932AJG.tsv	https://datasetencode.blob.core.windows.net/dataset/2021/03/15/2400dffe-f15d-4d0e-b3d2-0d2536421e31/ENCFF932AJG.tsv?sv=2019-10-10&si=prod&sr=c&sig=9qSQZo4ggrCNpybBExU8SypuUZV33igI11xw0P7rB3c%3D	ENCODE4 v1.2.1 mm10 M21	released			
ENCFF927QNP	bigWig	bigWig		signal of unique reads	mm10	ENCSR867YNV	polyA plus RNA-seq	/mouse-donors/ENCDO956IXV/	UBERON:0002107	liver	tissue	Mus musculus											polyadenylated mRNA		Ambion mirVana			unstranded	2014-12-17	ENCODE		chemical (Nextera tagmentation)	>200	1	1_1							/files/ENCFF580MOK/, /files/mm10_no_alt.chrom.sizes/	96995380	ENCODE Processing Pipeline	bae8c988b6fa8d9b927aa838e6b16ab8		https://www.encodeproject.org/files/ENCFF927QNP/@@download/ENCFF927QNP.bigWig	M21			released	s3://encode-public/2021/03/24/a3806a35-da97-4647-a1c1-f240cfed785f/ENCFF927QNP.bigWig	https://datasetencode.blob.core.windows.net/dataset/2021/03/24/a3806a35-da97-4647-a1c1-f240cfed785f/ENCFF927QNP.bigWig?sv=2019-10-10&si=prod&sr=c&sig=9qSQZo4ggrCNpybBExU8SypuUZV33igI11xw0P7rB3c%3D	ENCODE4 v1.2.1 mm10 M21	released			
ENCFF578AKP	tsv	tsv		gene quantifications	mm10	ENCSR867YNV	polyA plus RNA-seq	/mouse-donors/ENCDO956IXV/	UBERON:0002107	liver	tissue	Mus musculus											polyadenylated mRNA		Ambion mirVana			unstranded	2014-12-17	ENCODE		chemical (Nextera tagmentation)	>200	1	1_1							/files/ENCFF664CIX/, /files/ENCFF363TFV/	11909219	ENCODE Processing Pipeline	172b24509b47c166235385e4a6ac7e8f		https://www.encodeproject.org/files/ENCFF578AKP/@@download/ENCFF578AKP.tsv	M21			released	s3://encode-public/2021/03/24/a66da34a-a7bb-4013-89a0-6ac582784438/ENCFF578AKP.tsv	https://datasetencode.blob.core.windows.net/dataset/2021/03/24/a66da34a-a7bb-4013-89a0-6ac582784438/ENCFF578AKP.tsv?sv=2019-10-10&si=prod&sr=c&sig=9qSQZo4ggrCNpybBExU8SypuUZV33igI11xw0P7rB3c%3D	ENCODE4 v1.2.1 mm10 M21	released			
ENCFF825BVO	bigWig	bigWig		signal of unique reads	mm10	ENCSR115TWD	polyA plus RNA-seq	/mouse-donors/ENCDO956IXV/	UBERON:0001049	neural tube	tissue	Mus musculus											polyadenylated mRNA		Ambion mirVana			unstranded	2015-10-13	ENCODE		chemical (Nextera tagmentation)	>200	1	1_1							/files/mm10_no_alt.chrom.sizes/, /files/ENCFF344DUK/	174494266	ENCODE Processing Pipeline	b07d759d07c756af0e92e184df7750c5		https://www.encodeproject.org/files/ENCFF825BVO/@@download/ENCFF825BVO.bigWig	M21			released	s3://encode-public/2021/03/15/fd4a096c-6a69-429c-af70-c5e1af9a6f3e/ENCFF825BVO.bigWig	https://datasetencode.blob.core.windows.net/dataset/2021/03/15/fd4a096c-6a69-429c-af70-c5e1af9a6f3e/ENCFF825BVO.bigWig?sv=2019-10-10&si=prod&sr=c&sig=9qSQZo4ggrCNpybBExU8SypuUZV33igI11xw0P7rB3c%3D	ENCODE4 v1.2.1 mm10 M21	released			
ENCFF867IVC	tsv	tsv		gene quantifications	mm10	ENCSR115TWD	polyA plus RNA-seq	/mouse-donors/ENCDO956IXV/	UBERON:0001049	neural tube	tissue	Mus musculus											polyadenylated mRNA		Ambion mirVana			unstranded	2015-10-13	ENCODE		chemical (Nextera tagmentation)	>200	1	1_1							/files/ENCFF363TFV/, /files/ENCFF825YPY/	11885454	ENCODE Processing Pipeline	5aee4f58de80a21db293f51b8580d7eb		https://www.encodeproject.org/files/ENCFF867IVC/@@download/ENCFF867IVC.tsv	M21			released	s3://encode-public/2021/03/15/ae608f9e-0069-4810-ab87-5bf72d531516/ENCFF867IVC.tsv	https://datasetencode.blob.core.windows.net/dataset/2021/03/15/ae608f9e-0069-4810-ab87-5bf72d531516/ENCFF867IVC.tsv?sv=2019-10-10&si=prod&sr=c&sig=9qSQZo4ggrCNpybBExU8SypuUZV33igI11xw0P7rB3c%3D	ENCODE4 v1.2.1 mm10 M21	released			
ENCFF042EBZ	bigWig	bigWig		signal of unique reads	mm10	ENCSR928OXI	polyA plus RNA-seq	/mouse-donors/ENCDO956IXV/	UBERON:0001049	neural tube	tissue	Mus musculus											polyadenylated mRNA		Ambion mirVana			unstranded	2014-12-17	ENCODE		chemical (Nextera tagmentation)	>200	1	1_1							/files/ENCFF979LAQ/, /files/mm10_no_alt.chrom.sizes/	218210746	ENCODE Processing Pipeline	8487b587c159d72a23f047b21f1a7170		https://www.encodeproject.org/files/ENCFF042EBZ/@@download/ENCFF042EBZ.bigWig	M21			released	s3://encode-public/2021/03/24/1304b0fb-4605-4237-b5bb-8cecae8998cd/ENCFF042EBZ.bigWig	https://datasetencode.blob.core.windows.net/dataset/2021/03/24/1304b0fb-4605-4237-b5bb-8cecae8998cd/ENCFF042EBZ.bigWig?sv=2019-10-10&si=prod&sr=c&sig=9qSQZo4ggrCNpybBExU8SypuUZV33igI11xw0P7rB3c%3D	ENCODE4 v1.2.1 mm10 M21	released			
ENCFF457PAJ	tsv	tsv		gene quantifications	mm10	ENCSR928OXI	polyA plus RNA-seq	/mouse-donors/ENCDO956IXV/	UBERON:0001049	neural tube	tissue	Mus musculus											polyadenylated mRNA		Ambion mirVana			unstranded	2014-12-17	ENCODE		chemical (Nextera tagmentation)	>200	1	1_1							/files/ENCFF669HMX/, /files/ENCFF363TFV/	11878844	ENCODE Processing Pipeline	4f65fb8b91f0c9eb6e0a462922c1ef88		https://www.encodeproject.org/files/ENCFF457PAJ/@@download/ENCFF457PAJ.tsv	M21			released	s3://encode-public/2021/03/24/a99efd7a-8341-406e-a154-3e258a3cc998/ENCFF457PAJ.tsv	https://datasetencode.blob.core.windows.net/dataset/2021/03/24/a99efd7a-8341-406e-a154-3e258a3cc998/ENCFF457PAJ.tsv?sv=2019-10-10&si=prod&sr=c&sig=9qSQZo4ggrCNpybBExU8SypuUZV33igI11xw0P7rB3c%3D	ENCODE4 v1.2.1 mm10 M21	released			
ENCFF137ONR	bigWig	bigWig		signal of unique reads	mm10	ENCSR970EWM	polyA plus RNA-seq	/mouse-donors/ENCDO956IXV/	UBERON:0001890	forebrain	tissue	Mus musculus											polyadenylated mRNA		Ambion mirVana			unstranded	2015-10-13	ENCODE		chemical (Nextera tagmentation)	>200	2	2_1							/files/mm10_no_alt.chrom.sizes/, /files/ENCFF689AWE/	193417090	ENCODE Processing Pipeline	343191fcf00078708a946da1fc86761b		https://www.encodeproject.org/files/ENCFF137ONR/@@download/ENCFF137ONR.bigWig	M21			released	s3://encode-public/2021/03/24/2dbf08ca-e65c-46c2-8f91-bd3e7306fb8c/ENCFF137ONR.bigWig	https://datasetencode.blob.core.windows.net/dataset/2021/03/24/2dbf08ca-e65c-46c2-8f91-bd3e7306fb8c/ENCFF137ONR.bigWig?sv=2019-10-10&si=prod&sr=c&sig=9qSQZo4ggrCNpybBExU8SypuUZV33igI11xw0P7rB3c%3D	ENCODE4 v1.2.1 mm10 M21	released			
ENCFF794PWS	tsv	tsv		gene quantifications	mm10	ENCSR970EWM	polyA plus RNA-seq	/mouse-donors/ENCDO956IXV/	UBERON:0001890	forebrain	tissue	Mus musculus											polyadenylated mRNA		Ambion mirVana			unstranded	2015-10-13	ENCODE		chemical (Nextera tagmentation)	>200	2	2_1							/files/ENCFF363TFV/, /files/ENCFF717OFC/	11890562	ENCODE Processing Pipeline	fbae17b5ea5e4f1d1f83cfffcb190546		https://www.encodeproject.org/files/ENCFF794PWS/@@download/ENCFF794PWS.tsv	M21			released	s3://encode-public/2021/03/24/a648ab6e-d773-47b0-8c40-3d230f6a92e3/ENCFF794PWS.tsv	https://datasetencode.blob.core.windows.net/dataset/2021/03/24/a648ab6e-d773-47b0-8c40-3d230f6a92e3/ENCFF794PWS.tsv?sv=2019-10-10&si=prod&sr=c&sig=9qSQZo4ggrCNpybBExU8SypuUZV33igI11xw0P7rB3c%3D	ENCODE4 v1.2.1 mm10 M21	released			
ENCFF954BEO	tsv	tsv		gene quantifications	mm10	ENCSR343YLB	polyA plus RNA-seq	/mouse-donors/ENCDO956IXV/	UBERON:0001891	midbrain	tissue	Mus musculus											polyadenylated mRNA		Ambion mirVana			unstranded	2014-12-17	ENCODE		chemical (Nextera tagmentation)	>200	1	1_1							/files/ENCFF363TFV/, /files/ENCFF719KLN/	11881926	ENCODE Processing Pipeline	c2d61674b985a67de4cf57184e90218f		https://www.encodeproject.org/files/ENCFF954BEO/@@download/ENCFF954BEO.tsv	M21			released	s3://encode-public/2021/03/15/29eba063-ed7a-4d05-a694-0085a41bce45/ENCFF954BEO.tsv	https://datasetencode.blob.core.windows.net/dataset/2021/03/15/29eba063-ed7a-4d05-a694-0085a41bce45/ENCFF954BEO.tsv?sv=2019-10-10&si=prod&sr=c&sig=9qSQZo4ggrCNpybBExU8SypuUZV33igI11xw0P7rB3c%3D	ENCODE4 v1.2.1 mm10 M21	released			
ENCFF409AEZ	bigWig	bigWig		signal of unique reads	mm10	ENCSR343YLB	polyA plus RNA-seq	/mouse-donors/ENCDO956IXV/	UBERON:0001891	midbrain	tissue	Mus musculus											polyadenylated mRNA		Ambion mirVana			unstranded	2014-12-17	ENCODE		chemical (Nextera tagmentation)	>200	1	1_1							/files/ENCFF269IKY/, /files/mm10_no_alt.chrom.sizes/	182595953	ENCODE Processing Pipeline	0d8283f4c23dd30d22bda8147e0a437b		https://www.encodeproject.org/files/ENCFF409AEZ/@@download/ENCFF409AEZ.bigWig	M21			released	s3://encode-public/2021/03/15/4645cb06-af20-4e0e-9fc4-73375c78d464/ENCFF409AEZ.bigWig	https://datasetencode.blob.core.windows.net/dataset/2021/03/15/4645cb06-af20-4e0e-9fc4-73375c78d464/ENCFF409AEZ.bigWig?sv=2019-10-10&si=prod&sr=c&sig=9qSQZo4ggrCNpybBExU8SypuUZV33igI11xw0P7rB3c%3D	ENCODE4 v1.2.1 mm10 M21	released			
ENCFF042VCB	tsv	tsv		gene quantifications	mm10	ENCSR160IIN	polyA plus RNA-seq	/mouse-donors/ENCDO956IXV/	UBERON:0001890	forebrain	tissue	Mus musculus											polyadenylated mRNA		Ambion mirVana			unstranded	2014-11-20	ENCODE		chemical (Nextera tagmentation)	>200	2	2_1							/files/ENCFF554WYL/, /files/ENCFF363TFV/	11889550	ENCODE Processing Pipeline	00f3ce1a6f3af98d5c2f0d9067038db7		https://www.encodeproject.org/files/ENCFF042VCB/@@download/ENCFF042VCB.tsv	M21			released	s3://encode-public/2021/03/15/308254c7-06aa-4d23-8506-342eeb2a36c5/ENCFF042VCB.tsv	https://datasetencode.blob.core.windows.net/dataset/2021/03/15/308254c7-06aa-4d23-8506-342eeb2a36c5/ENCFF042VCB.tsv?sv=2019-10-10&si=prod&sr=c&sig=9qSQZo4ggrCNpybBExU8SypuUZV33igI11xw0P7rB3c%3D	ENCODE4 v1.2.1 mm10 M21	released			
ENCFF687VSF	bigWig	bigWig		signal of unique reads	mm10	ENCSR160IIN	polyA plus RNA-seq	/mouse-donors/ENCDO956IXV/	UBERON:0001890	forebrain	tissue	Mus musculus											polyadenylated mRNA		Ambion mirVana			unstranded	2014-11-20	ENCODE		chemical (Nextera tagmentation)	>200	2	2_1							/files/mm10_no_alt.chrom.sizes/, /files/ENCFF962IWY/	180573506	ENCODE Processing Pipeline	525bbcf303b9e492d65a90f33ebd037e		https://www.encodeproject.org/files/ENCFF687VSF/@@download/ENCFF687VSF.bigWig	M21			released	s3://encode-public/2021/03/15/3552b8a8-1ba6-4a71-8c35-be7cb4477548/ENCFF687VSF.bigWig	https://datasetencode.blob.core.windows.net/dataset/2021/03/15/3552b8a8-1ba6-4a71-8c35-be7cb4477548/ENCFF687VSF.bigWig?sv=2019-10-10&si=prod&sr=c&sig=9qSQZo4ggrCNpybBExU8SypuUZV33igI11xw0P7rB3c%3D	ENCODE4 v1.2.1 mm10 M21	released			
ENCFF361QMV	tsv	tsv		gene quantifications	mm10	ENCSR290RRR	polyA plus RNA-seq	/mouse-donors/ENCDO956IXV/	UBERON:0000945	stomach	tissue	Mus musculus											polyadenylated mRNA		Ambion mirVana			unstranded	2014-12-17	ENCODE		chemical (Nextera tagmentation)	>200	2	2_1							/files/ENCFF363TFV/, /files/ENCFF417NZW/	11872341	ENCODE Processing Pipeline	89c542dff8b8cd674cc7d89b11b6b20a		https://www.encodeproject.org/files/ENCFF361QMV/@@download/ENCFF361QMV.tsv	M21			released	s3://encode-public/2021/03/15/b77e178a-9e33-49dd-b555-695990e992b2/ENCFF361QMV.tsv	https://datasetencode.blob.core.windows.net/dataset/2021/03/15/b77e178a-9e33-49dd-b555-695990e992b2/ENCFF361QMV.tsv?sv=2019-10-10&si=prod&sr=c&sig=9qSQZo4ggrCNpybBExU8SypuUZV33igI11xw0P7rB3c%3D	ENCODE4 v1.2.1 mm10 M21	released			
ENCFF606TEC	bigWig	bigWig		signal of unique reads	mm10	ENCSR290RRR	polyA plus RNA-seq	/mouse-donors/ENCDO956IXV/	UBERON:0000945	stomach	tissue	Mus musculus											polyadenylated mRNA		Ambion mirVana			unstranded	2014-12-17	ENCODE		chemical (Nextera tagmentation)	>200	2	2_1							/files/mm10_no_alt.chrom.sizes/, /files/ENCFF684JWA/	176472043	ENCODE Processing Pipeline	8145c9867ec0c53415c0566de1ca3613		https://www.encodeproject.org/files/ENCFF606TEC/@@download/ENCFF606TEC.bigWig	M21			released	s3://encode-public/2021/03/15/aa2f70c8-0b7b-4386-83d9-4b732d10b75e/ENCFF606TEC.bigWig	https://datasetencode.blob.core.windows.net/dataset/2021/03/15/aa2f70c8-0b7b-4386-83d9-4b732d10b75e/ENCFF606TEC.bigWig?sv=2019-10-10&si=prod&sr=c&sig=9qSQZo4ggrCNpybBExU8SypuUZV33igI11xw0P7rB3c%3D	ENCODE4 v1.2.1 mm10 M21	released			
ENCFF247LBN	bigWig	bigWig		signal of unique reads	mm10	ENCSR760TOE	polyA plus RNA-seq	/mouse-donors/ENCDO956IXV/	UBERON:0002028	hindbrain	tissue	Mus musculus											polyadenylated mRNA		Ambion mirVana			unstranded	2014-11-20	ENCODE		chemical (Nextera tagmentation)	>200	2	2_1							/files/mm10_no_alt.chrom.sizes/, /files/ENCFF102WPV/	196351882	ENCODE Processing Pipeline	2e3a46235a931f8bae964f3c87decd8d		https://www.encodeproject.org/files/ENCFF247LBN/@@download/ENCFF247LBN.bigWig	M21			released	s3://encode-public/2021/03/15/f4dc1ddb-a956-4b19-be01-7d142c29cdd1/ENCFF247LBN.bigWig	https://datasetencode.blob.core.windows.net/dataset/2021/03/15/f4dc1ddb-a956-4b19-be01-7d142c29cdd1/ENCFF247LBN.bigWig?sv=2019-10-10&si=prod&sr=c&sig=9qSQZo4ggrCNpybBExU8SypuUZV33igI11xw0P7rB3c%3D	ENCODE4 v1.2.1 mm10 M21	released			
ENCFF606UHO	tsv	tsv		gene quantifications	mm10	ENCSR760TOE	polyA plus RNA-seq	/mouse-donors/ENCDO956IXV/	UBERON:0002028	hindbrain	tissue	Mus musculus											polyadenylated mRNA		Ambion mirVana			unstranded	2014-11-20	ENCODE		chemical (Nextera tagmentation)	>200	2	2_1							/files/ENCFF918OGJ/, /files/ENCFF363TFV/	11894539	ENCODE Processing Pipeline	12ec31f45d281aacde586e29e521efc6		https://www.encodeproject.org/files/ENCFF606UHO/@@download/ENCFF606UHO.tsv	M21			released	s3://encode-public/2021/03/15/d3d82d1d-4f8a-4763-b30f-e21d1621f553/ENCFF606UHO.tsv	https://datasetencode.blob.core.windows.net/dataset/2021/03/15/d3d82d1d-4f8a-4763-b30f-e21d1621f553/ENCFF606UHO.tsv?sv=2019-10-10&si=prod&sr=c&sig=9qSQZo4ggrCNpybBExU8SypuUZV33igI11xw0P7rB3c%3D	ENCODE4 v1.2.1 mm10 M21	released			
ENCFF357DMT	bigWig	bigWig		signal of unique reads	mm10	ENCSR331XCE	polyA plus RNA-seq	/mouse-donors/ENCDO956IXV/	UBERON:0000160	intestine	tissue	Mus musculus											polyadenylated mRNA		Ambion mirVana			unstranded	2015-06-23	ENCODE		chemical (Nextera tagmentation)	>200	1	1_1							/files/ENCFF844OSS/, /files/mm10_no_alt.chrom.sizes/	128727528	ENCODE Processing Pipeline	9c7c0715b596109685ba319d8b37a90a		https://www.encodeproject.org/files/ENCFF357DMT/@@download/ENCFF357DMT.bigWig	M21			released	s3://encode-public/2021/03/15/1e8402a9-6d41-4c38-8a79-69d19e58287f/ENCFF357DMT.bigWig	https://datasetencode.blob.core.windows.net/dataset/2021/03/15/1e8402a9-6d41-4c38-8a79-69d19e58287f/ENCFF357DMT.bigWig?sv=2019-10-10&si=prod&sr=c&sig=9qSQZo4ggrCNpybBExU8SypuUZV33igI11xw0P7rB3c%3D	ENCODE4 v1.2.1 mm10 M21	released			
ENCFF787VRY	tsv	tsv		gene quantifications	mm10	ENCSR331XCE	polyA plus RNA-seq	/mouse-donors/ENCDO956IXV/	UBERON:0000160	intestine	tissue	Mus musculus											polyadenylated mRNA		Ambion mirVana			unstranded	2015-06-23	ENCODE		chemical (Nextera tagmentation)	>200	1	1_1							/files/ENCFF544SWI/, /files/ENCFF363TFV/	11904661	ENCODE Processing Pipeline	4583e26aa8b32a8a3da3f77fdd653f62		https://www.encodeproject.org/files/ENCFF787VRY/@@download/ENCFF787VRY.tsv	M21			released	s3://encode-public/2021/03/15/3da6ea4a-b2e1-4e50-97fe-03968e5184d9/ENCFF787VRY.tsv	https://datasetencode.blob.core.windows.net/dataset/2021/03/15/3da6ea4a-b2e1-4e50-97fe-03968e5184d9/ENCFF787VRY.tsv?sv=2019-10-10&si=prod&sr=c&sig=9qSQZo4ggrCNpybBExU8SypuUZV33igI11xw0P7rB3c%3D	ENCODE4 v1.2.1 mm10 M21	released			
ENCFF279TCA	tsv	tsv		gene quantifications	mm10	ENCSR438XCG	polyA plus RNA-seq	/mouse-donors/ENCDO956IXV/	UBERON:0002370	thymus	tissue	Mus musculus											polyadenylated mRNA		Ambion mirVana			unstranded	2015-06-23	ENCODE		chemical (Nextera tagmentation)	>200	1	1_1							/files/ENCFF381VQR/, /files/ENCFF363TFV/	11894120	ENCODE Processing Pipeline	2d7cd2c939cd272c5aa9685bc748e5b8		https://www.encodeproject.org/files/ENCFF279TCA/@@download/ENCFF279TCA.tsv	M21			released	s3://encode-public/2021/03/15/444f5e8d-9e4e-40cc-bf71-749ae5bd9335/ENCFF279TCA.tsv	https://datasetencode.blob.core.windows.net/dataset/2021/03/15/444f5e8d-9e4e-40cc-bf71-749ae5bd9335/ENCFF279TCA.tsv?sv=2019-10-10&si=prod&sr=c&sig=9qSQZo4ggrCNpybBExU8SypuUZV33igI11xw0P7rB3c%3D	ENCODE4 v1.2.1 mm10 M21	released			
ENCFF232HKB	bigWig	bigWig		signal of unique reads	mm10	ENCSR438XCG	polyA plus RNA-seq	/mouse-donors/ENCDO956IXV/	UBERON:0002370	thymus	tissue	Mus musculus											polyadenylated mRNA		Ambion mirVana			unstranded	2015-06-23	ENCODE		chemical (Nextera tagmentation)	>200	1	1_1							/files/mm10_no_alt.chrom.sizes/, /files/ENCFF390QLK/	162472478	ENCODE Processing Pipeline	7dd54ade9ace2c8b708e3ed1a0a68078		https://www.encodeproject.org/files/ENCFF232HKB/@@download/ENCFF232HKB.bigWig	M21			released	s3://encode-public/2021/03/15/05d74e86-520e-4024-9a8f-9a86652fce17/ENCFF232HKB.bigWig	https://datasetencode.blob.core.windows.net/dataset/2021/03/15/05d74e86-520e-4024-9a8f-9a86652fce17/ENCFF232HKB.bigWig?sv=2019-10-10&si=prod&sr=c&sig=9qSQZo4ggrCNpybBExU8SypuUZV33igI11xw0P7rB3c%3D	ENCODE4 v1.2.1 mm10 M21	released			
ENCFF935KVC	bigWig	bigWig		signal of unique reads	mm10	ENCSR667TOX	polyA plus RNA-seq	/mouse-donors/ENCDO956IXV/	UBERON:0001049	neural tube	tissue	Mus musculus											polyadenylated mRNA		Ambion mirVana			unstranded	2015-06-23	ENCODE		chemical (Nextera tagmentation)	>200	2	2_1							/files/ENCFF900BAR/, /files/mm10_no_alt.chrom.sizes/	176392280	ENCODE Processing Pipeline	4837c42ebf0717c4cd5556975d43da13		https://www.encodeproject.org/files/ENCFF935KVC/@@download/ENCFF935KVC.bigWig	M21			released	s3://encode-public/2021/03/15/100268e7-5cb2-4f53-a175-cb904ae8a54d/ENCFF935KVC.bigWig	https://datasetencode.blob.core.windows.net/dataset/2021/03/15/100268e7-5cb2-4f53-a175-cb904ae8a54d/ENCFF935KVC.bigWig?sv=2019-10-10&si=prod&sr=c&sig=9qSQZo4ggrCNpybBExU8SypuUZV33igI11xw0P7rB3c%3D	ENCODE4 v1.2.1 mm10 M21	released			
ENCFF384FTH	tsv	tsv		gene quantifications	mm10	ENCSR667TOX	polyA plus RNA-seq	/mouse-donors/ENCDO956IXV/	UBERON:0001049	neural tube	tissue	Mus musculus											polyadenylated mRNA		Ambion mirVana			unstranded	2015-06-23	ENCODE		chemical (Nextera tagmentation)	>200	2	2_1							/files/ENCFF013WAT/, /files/ENCFF363TFV/	11892656	ENCODE Processing Pipeline	3271e7ca2d310f6b1a74a14b0b843aa9		https://www.encodeproject.org/files/ENCFF384FTH/@@download/ENCFF384FTH.tsv	M21			released	s3://encode-public/2021/03/15/964fe196-b90b-48bf-a311-8ee5dcc8b77b/ENCFF384FTH.tsv	https://datasetencode.blob.core.windows.net/dataset/2021/03/15/964fe196-b90b-48bf-a311-8ee5dcc8b77b/ENCFF384FTH.tsv?sv=2019-10-10&si=prod&sr=c&sig=9qSQZo4ggrCNpybBExU8SypuUZV33igI11xw0P7rB3c%3D	ENCODE4 v1.2.1 mm10 M21	released			
ENCFF058MDV	bigWig	bigWig		signal of unique reads	mm10	ENCSR017JEG	polyA plus RNA-seq	/mouse-donors/ENCDO956IXV/	UBERON:0002028	hindbrain	tissue	Mus musculus											polyadenylated mRNA		Ambion mirVana			unstranded	2015-06-23	ENCODE		chemical (Nextera tagmentation)	>200	2	2_1							/files/ENCFF829IWK/, /files/mm10_no_alt.chrom.sizes/	178633798	ENCODE Processing Pipeline	f34602d024ea49296b68fa3523e24775		https://www.encodeproject.org/files/ENCFF058MDV/@@download/ENCFF058MDV.bigWig	M21			released	s3://encode-public/2021/03/15/336dd10f-3fa1-4133-8d45-23e0a3ca8883/ENCFF058MDV.bigWig	https://datasetencode.blob.core.windows.net/dataset/2021/03/15/336dd10f-3fa1-4133-8d45-23e0a3ca8883/ENCFF058MDV.bigWig?sv=2019-10-10&si=prod&sr=c&sig=9qSQZo4ggrCNpybBExU8SypuUZV33igI11xw0P7rB3c%3D	ENCODE4 v1.2.1 mm10 M21	released			
ENCFF851KEG	tsv	tsv		gene quantifications	mm10	ENCSR017JEG	polyA plus RNA-seq	/mouse-donors/ENCDO956IXV/	UBERON:0002028	hindbrain	tissue	Mus musculus											polyadenylated mRNA		Ambion mirVana			unstranded	2015-06-23	ENCODE		chemical (Nextera tagmentation)	>200	2	2_1							/files/ENCFF363TFV/, /files/ENCFF378CJD/	11894160	ENCODE Processing Pipeline	52fd641c587554c6f86e261fa2288f0e		https://www.encodeproject.org/files/ENCFF851KEG/@@download/ENCFF851KEG.tsv	M21			released	s3://encode-public/2021/03/15/def6b85e-4cbe-4b39-895d-73563ecc849f/ENCFF851KEG.tsv	https://datasetencode.blob.core.windows.net/dataset/2021/03/15/def6b85e-4cbe-4b39-895d-73563ecc849f/ENCFF851KEG.tsv?sv=2019-10-10&si=prod&sr=c&sig=9qSQZo4ggrCNpybBExU8SypuUZV33igI11xw0P7rB3c%3D	ENCODE4 v1.2.1 mm10 M21	released			
ENCFF415PYY	bigWig	bigWig		plus strand signal of unique reads	mm10	ENCSR170SVO	polyA plus RNA-seq	/mouse-donors/ENCDO072AAA/	UBERON:0002108	small intestine	tissue	Mus musculus											polyadenylated mRNA		RNeasy Lipid Tissue Mini Kit (QIAGEN cat#74804)			reverse	2014-12-08	ENCODE		chemical (Illumina TruSeq)	350-450	1	1_1							/files/ENCFF755BXO/, /files/mm10_no_alt.chrom.sizes/	64302694	ENCODE Processing Pipeline	8be085150498ede3e27fec9304826078		https://www.encodeproject.org/files/ENCFF415PYY/@@download/ENCFF415PYY.bigWig	M21			released	s3://encode-public/2021/04/17/a5bf16e2-8c42-48e9-b752-dd9f03361e8f/ENCFF415PYY.bigWig	https://datasetencode.blob.core.windows.net/dataset/2021/04/17/a5bf16e2-8c42-48e9-b752-dd9f03361e8f/ENCFF415PYY.bigWig?sv=2019-10-10&si=prod&sr=c&sig=9qSQZo4ggrCNpybBExU8SypuUZV33igI11xw0P7rB3c%3D	ENCODE4 v1.2.3 mm10 M21	released	low replicate concordance		
ENCFF986TLA	tsv	tsv		gene quantifications	mm10	ENCSR170SVO	polyA plus RNA-seq	/mouse-donors/ENCDO072AAA/	UBERON:0002108	small intestine	tissue	Mus musculus											polyadenylated mRNA		RNeasy Lipid Tissue Mini Kit (QIAGEN cat#74804)			reverse	2014-12-08	ENCODE		chemical (Illumina TruSeq)	350-450	1	1_1							/files/ENCFF363TFV/, /files/ENCFF144POT/	11784891	ENCODE Processing Pipeline	1f5ac80e9f13f3db5104612346485711		https://www.encodeproject.org/files/ENCFF986TLA/@@download/ENCFF986TLA.tsv	M21			released	s3://encode-public/2021/04/17/d937c995-3bc4-41ff-8234-295f9b3f4f65/ENCFF986TLA.tsv	https://datasetencode.blob.core.windows.net/dataset/2021/04/17/d937c995-3bc4-41ff-8234-295f9b3f4f65/ENCFF986TLA.tsv?sv=2019-10-10&si=prod&sr=c&sig=9qSQZo4ggrCNpybBExU8SypuUZV33igI11xw0P7rB3c%3D	ENCODE4 v1.2.3 mm10 M21	released	low replicate concordance		
ENCFF591TKV	bigWig	bigWig		minus strand signal of unique reads	mm10	ENCSR170SVO	polyA plus RNA-seq	/mouse-donors/ENCDO072AAA/	UBERON:0002108	small intestine	tissue	Mus musculus											polyadenylated mRNA		RNeasy Lipid Tissue Mini Kit (QIAGEN cat#74804)			reverse	2014-12-08	ENCODE		chemical (Illumina TruSeq)	350-450	1	1_1							/files/ENCFF755BXO/, /files/mm10_no_alt.chrom.sizes/	64062429	ENCODE Processing Pipeline	fd2f5e90127f231f340cb11fe25cef9a		https://www.encodeproject.org/files/ENCFF591TKV/@@download/ENCFF591TKV.bigWig	M21			released	s3://encode-public/2021/04/17/582486cc-eb99-4582-a9ca-5962f346c6b0/ENCFF591TKV.bigWig	https://datasetencode.blob.core.windows.net/dataset/2021/04/17/582486cc-eb99-4582-a9ca-5962f346c6b0/ENCFF591TKV.bigWig?sv=2019-10-10&si=prod&sr=c&sig=9qSQZo4ggrCNpybBExU8SypuUZV33igI11xw0P7rB3c%3D	ENCODE4 v1.2.3 mm10 M21	released	low replicate concordance		
ENCFF952IQJ	tsv	tsv		gene quantifications	mm10	ENCSR164BAZ	polyA plus RNA-seq	/mouse-donors/ENCDO072AAA/	UBERON:0000948	heart	tissue	Mus musculus											polyadenylated mRNA		RNeasy Lipid Tissue Mini Kit (QIAGEN cat#74804)			reverse	2014-12-08	ENCODE		chemical (Illumina TruSeq)	350-450	1	1_2							/files/ENCFF906BYA/, /files/ENCFF363TFV/	11785999	ENCODE Processing Pipeline	67869b5cccee2f0b42c905011496bc12		https://www.encodeproject.org/files/ENCFF952IQJ/@@download/ENCFF952IQJ.tsv	M21			released	s3://encode-public/2021/04/17/d9ad7b55-9a9f-4fe9-b42e-b14626437bdc/ENCFF952IQJ.tsv	https://datasetencode.blob.core.windows.net/dataset/2021/04/17/d9ad7b55-9a9f-4fe9-b42e-b14626437bdc/ENCFF952IQJ.tsv?sv=2019-10-10&si=prod&sr=c&sig=9qSQZo4ggrCNpybBExU8SypuUZV33igI11xw0P7rB3c%3D	ENCODE4 v1.2.3 mm10 M21	released	low read depth, low replicate concordance		
ENCFF270VXL	bigWig	bigWig		plus strand signal of unique reads	mm10	ENCSR164BAZ	polyA plus RNA-seq	/mouse-donors/ENCDO072AAA/	UBERON:0000948	heart	tissue	Mus musculus											polyadenylated mRNA		RNeasy Lipid Tissue Mini Kit (QIAGEN cat#74804)			reverse	2014-12-08	ENCODE		chemical (Illumina TruSeq)	350-450	1	1_2							/files/mm10_no_alt.chrom.sizes/, /files/ENCFF949BMS/	53370541	ENCODE Processing Pipeline	3d0f5c88b8727342d5cde0903730f935		https://www.encodeproject.org/files/ENCFF270VXL/@@download/ENCFF270VXL.bigWig	M21			released	s3://encode-public/2021/04/17/5d690766-ec89-48b1-bd67-0e217c316a76/ENCFF270VXL.bigWig	https://datasetencode.blob.core.windows.net/dataset/2021/04/17/5d690766-ec89-48b1-bd67-0e217c316a76/ENCFF270VXL.bigWig?sv=2019-10-10&si=prod&sr=c&sig=9qSQZo4ggrCNpybBExU8SypuUZV33igI11xw0P7rB3c%3D	ENCODE4 v1.2.3 mm10 M21	released	low read depth, low replicate concordance		
ENCFF306VIS	bigWig	bigWig		minus strand signal of unique reads	mm10	ENCSR164BAZ	polyA plus RNA-seq	/mouse-donors/ENCDO072AAA/	UBERON:0000948	heart	tissue	Mus musculus											polyadenylated mRNA		RNeasy Lipid Tissue Mini Kit (QIAGEN cat#74804)			reverse	2014-12-08	ENCODE		chemical (Illumina TruSeq)	350-450	1	1_2							/files/mm10_no_alt.chrom.sizes/, /files/ENCFF949BMS/	53041903	ENCODE Processing Pipeline	952fa328edb408b21a83b6550fd25449		https://www.encodeproject.org/files/ENCFF306VIS/@@download/ENCFF306VIS.bigWig	M21			released	s3://encode-public/2021/04/17/6133ff4e-351f-45b5-9f2b-9a33e91e5eaa/ENCFF306VIS.bigWig	https://datasetencode.blob.core.windows.net/dataset/2021/04/17/6133ff4e-351f-45b5-9f2b-9a33e91e5eaa/ENCFF306VIS.bigWig?sv=2019-10-10&si=prod&sr=c&sig=9qSQZo4ggrCNpybBExU8SypuUZV33igI11xw0P7rB3c%3D	ENCODE4 v1.2.3 mm10 M21	released	low read depth, low replicate concordance		
ENCFF156ZFM	bigWig	bigWig		minus strand signal of unique reads	mm10	ENCSR713OCQ	polyA plus RNA-seq	/mouse-donors/ENCDO072AAA/	UBERON:0002369	adrenal gland	tissue	Mus musculus											polyadenylated mRNA		RNeasy Lipid Tissue Mini Kit (QIAGEN cat#74804)			reverse	2014-12-08	ENCODE		chemical (Illumina TruSeq)	350-450	1	1_1							/files/ENCFF443FFT/, /files/mm10_no_alt.chrom.sizes/	54008824	ENCODE Processing Pipeline	ffd696240b04b8eb76a3a4324c374d58		https://www.encodeproject.org/files/ENCFF156ZFM/@@download/ENCFF156ZFM.bigWig	M21			released	s3://encode-public/2021/04/17/9ee37332-d212-482f-967d-2f9c4aea1ed9/ENCFF156ZFM.bigWig	https://datasetencode.blob.core.windows.net/dataset/2021/04/17/9ee37332-d212-482f-967d-2f9c4aea1ed9/ENCFF156ZFM.bigWig?sv=2019-10-10&si=prod&sr=c&sig=9qSQZo4ggrCNpybBExU8SypuUZV33igI11xw0P7rB3c%3D	ENCODE4 v1.2.3 mm10 M21	released	low read depth, low replicate concordance		
ENCFF319ESD	bigWig	bigWig		plus strand signal of unique reads	mm10	ENCSR713OCQ	polyA plus RNA-seq	/mouse-donors/ENCDO072AAA/	UBERON:0002369	adrenal gland	tissue	Mus musculus											polyadenylated mRNA		RNeasy Lipid Tissue Mini Kit (QIAGEN cat#74804)			reverse	2014-12-08	ENCODE		chemical (Illumina TruSeq)	350-450	1	1_1							/files/ENCFF443FFT/, /files/mm10_no_alt.chrom.sizes/	55605579	ENCODE Processing Pipeline	a07be7e727acdc5c74ff21bf7015d82b		https://www.encodeproject.org/files/ENCFF319ESD/@@download/ENCFF319ESD.bigWig	M21			released	s3://encode-public/2021/04/17/a2bb2147-f9b0-4d06-b1ff-73a9c34140fc/ENCFF319ESD.bigWig	https://datasetencode.blob.core.windows.net/dataset/2021/04/17/a2bb2147-f9b0-4d06-b1ff-73a9c34140fc/ENCFF319ESD.bigWig?sv=2019-10-10&si=prod&sr=c&sig=9qSQZo4ggrCNpybBExU8SypuUZV33igI11xw0P7rB3c%3D	ENCODE4 v1.2.3 mm10 M21	released	low read depth, low replicate concordance		
ENCFF272UAV	tsv	tsv		gene quantifications	mm10	ENCSR713OCQ	polyA plus RNA-seq	/mouse-donors/ENCDO072AAA/	UBERON:0002369	adrenal gland	tissue	Mus musculus											polyadenylated mRNA		RNeasy Lipid Tissue Mini Kit (QIAGEN cat#74804)			reverse	2014-12-08	ENCODE		chemical (Illumina TruSeq)	350-450	1	1_1							/files/ENCFF363TFV/, /files/ENCFF062OSS/	11796281	ENCODE Processing Pipeline	99f970c80767d0c2b5528235045645a1		https://www.encodeproject.org/files/ENCFF272UAV/@@download/ENCFF272UAV.tsv	M21			released	s3://encode-public/2021/04/17/902e213b-604f-491c-a916-234bd31a2ba3/ENCFF272UAV.tsv	https://datasetencode.blob.core.windows.net/dataset/2021/04/17/902e213b-604f-491c-a916-234bd31a2ba3/ENCFF272UAV.tsv?sv=2019-10-10&si=prod&sr=c&sig=9qSQZo4ggrCNpybBExU8SypuUZV33igI11xw0P7rB3c%3D	ENCODE4 v1.2.3 mm10 M21	released	low read depth, low replicate concordance		
ENCFF799ZHZ	bigWig	bigWig		signal of unique reads	mm10	ENCSR466KZY	polyA plus RNA-seq	/mouse-donors/ENCDO956IXV/	UBERON:0000945	stomach	tissue	Mus musculus											polyadenylated mRNA		Ambion mirVana			unstranded	2015-10-13	ENCODE		chemical (Nextera tagmentation)	>200	1	1_1							/files/ENCFF805NXA/, /files/mm10_no_alt.chrom.sizes/	191364622	ENCODE Processing Pipeline	3acda758536ad4abb27eb4545dac375f		https://www.encodeproject.org/files/ENCFF799ZHZ/@@download/ENCFF799ZHZ.bigWig	M21			released	s3://encode-public/2021/03/15/42072c61-de04-4ac5-8d5a-4fad1641cabb/ENCFF799ZHZ.bigWig	https://datasetencode.blob.core.windows.net/dataset/2021/03/15/42072c61-de04-4ac5-8d5a-4fad1641cabb/ENCFF799ZHZ.bigWig?sv=2019-10-10&si=prod&sr=c&sig=9qSQZo4ggrCNpybBExU8SypuUZV33igI11xw0P7rB3c%3D	ENCODE4 v1.2.1 mm10 M21	released			
ENCFF899QOE	tsv	tsv		gene quantifications	mm10	ENCSR466KZY	polyA plus RNA-seq	/mouse-donors/ENCDO956IXV/	UBERON:0000945	stomach	tissue	Mus musculus											polyadenylated mRNA		Ambion mirVana			unstranded	2015-10-13	ENCODE		chemical (Nextera tagmentation)	>200	1	1_1							/files/ENCFF363TFV/, /files/ENCFF936MHQ/	11899515	ENCODE Processing Pipeline	e50361fd03750d8d3ef4d4e2e971f259		https://www.encodeproject.org/files/ENCFF899QOE/@@download/ENCFF899QOE.tsv	M21			released	s3://encode-public/2021/03/15/9f471d38-4fdc-4a38-a342-2c1804d82e06/ENCFF899QOE.tsv	https://datasetencode.blob.core.windows.net/dataset/2021/03/15/9f471d38-4fdc-4a38-a342-2c1804d82e06/ENCFF899QOE.tsv?sv=2019-10-10&si=prod&sr=c&sig=9qSQZo4ggrCNpybBExU8SypuUZV33igI11xw0P7rB3c%3D	ENCODE4 v1.2.1 mm10 M21	released			
ENCFF547IWW	bigWig	bigWig		signal of unique reads	mm10	ENCSR367ZPZ	polyA plus RNA-seq	/mouse-donors/ENCDO956IXV/	UBERON:0001891	midbrain	tissue	Mus musculus											polyadenylated mRNA		Ambion mirVana			unstranded	2015-10-13	ENCODE		chemical (Nextera tagmentation)	>200	2	2_1							/files/ENCFF308ZUX/, /files/mm10_no_alt.chrom.sizes/	180767230	ENCODE Processing Pipeline	6fb1d2009d90af4a771dee5ef5580285		https://www.encodeproject.org/files/ENCFF547IWW/@@download/ENCFF547IWW.bigWig	M21			released	s3://encode-public/2021/03/15/cde37754-649d-49a4-be6a-a0647519e446/ENCFF547IWW.bigWig	https://datasetencode.blob.core.windows.net/dataset/2021/03/15/cde37754-649d-49a4-be6a-a0647519e446/ENCFF547IWW.bigWig?sv=2019-10-10&si=prod&sr=c&sig=9qSQZo4ggrCNpybBExU8SypuUZV33igI11xw0P7rB3c%3D	ENCODE4 v1.2.1 mm10 M21	released			
ENCFF238YUA	tsv	tsv		gene quantifications	mm10	ENCSR367ZPZ	polyA plus RNA-seq	/mouse-donors/ENCDO956IXV/	UBERON:0001891	midbrain	tissue	Mus musculus											polyadenylated mRNA		Ambion mirVana			unstranded	2015-10-13	ENCODE		chemical (Nextera tagmentation)	>200	2	2_1							/files/ENCFF363TFV/, /files/ENCFF934KLN/	11886618	ENCODE Processing Pipeline	bb53495e1416f49c671f2fd5e02591ca		https://www.encodeproject.org/files/ENCFF238YUA/@@download/ENCFF238YUA.tsv	M21			released	s3://encode-public/2021/03/15/4d7ceb7b-9031-46f2-94db-1323bbb16814/ENCFF238YUA.tsv	https://datasetencode.blob.core.windows.net/dataset/2021/03/15/4d7ceb7b-9031-46f2-94db-1323bbb16814/ENCFF238YUA.tsv?sv=2019-10-10&si=prod&sr=c&sig=9qSQZo4ggrCNpybBExU8SypuUZV33igI11xw0P7rB3c%3D	ENCODE4 v1.2.1 mm10 M21	released			
ENCFF330SEA	tsv	tsv		gene quantifications	mm10	ENCSR062VTB	polyA plus RNA-seq	/mouse-donors/ENCDO956IXV/	UBERON:0002113	kidney	tissue	Mus musculus											polyadenylated mRNA		Ambion mirVana			unstranded	2015-10-13	ENCODE		chemical (Nextera tagmentation)	>200	2	2_1							/files/ENCFF363TFV/, /files/ENCFF843GLV/	11895218	ENCODE Processing Pipeline	41bc80ce630158c619d18019e77adfb5		https://www.encodeproject.org/files/ENCFF330SEA/@@download/ENCFF330SEA.tsv	M21			released	s3://encode-public/2021/03/15/abd7dc1f-161a-42be-920b-2de700a75ab4/ENCFF330SEA.tsv	https://datasetencode.blob.core.windows.net/dataset/2021/03/15/abd7dc1f-161a-42be-920b-2de700a75ab4/ENCFF330SEA.tsv?sv=2019-10-10&si=prod&sr=c&sig=9qSQZo4ggrCNpybBExU8SypuUZV33igI11xw0P7rB3c%3D	ENCODE4 v1.2.1 mm10 M21	released			
ENCFF644CLX	bigWig	bigWig		signal of unique reads	mm10	ENCSR062VTB	polyA plus RNA-seq	/mouse-donors/ENCDO956IXV/	UBERON:0002113	kidney	tissue	Mus musculus											polyadenylated mRNA		Ambion mirVana			unstranded	2015-10-13	ENCODE		chemical (Nextera tagmentation)	>200	2	2_1							/files/mm10_no_alt.chrom.sizes/, /files/ENCFF013YTL/	189282161	ENCODE Processing Pipeline	99bf7bcc523c9001d2be274a835bfce6		https://www.encodeproject.org/files/ENCFF644CLX/@@download/ENCFF644CLX.bigWig	M21			released	s3://encode-public/2021/03/15/a5c1876d-cd35-4197-b81b-1c0358751eff/ENCFF644CLX.bigWig	https://datasetencode.blob.core.windows.net/dataset/2021/03/15/a5c1876d-cd35-4197-b81b-1c0358751eff/ENCFF644CLX.bigWig?sv=2019-10-10&si=prod&sr=c&sig=9qSQZo4ggrCNpybBExU8SypuUZV33igI11xw0P7rB3c%3D	ENCODE4 v1.2.1 mm10 M21	released			
ENCFF205DZY	bigWig	bigWig		signal of unique reads	mm10	ENCSR557RMA	polyA plus RNA-seq	/mouse-donors/ENCDO956IXV/	UBERON:0001891	midbrain	tissue	Mus musculus											polyadenylated mRNA		Ambion mirVana			unstranded	2015-10-13	ENCODE		chemical (Nextera tagmentation)	>200	2	2_1							/files/ENCFF044ICC/, /files/mm10_no_alt.chrom.sizes/	216110275	ENCODE Processing Pipeline	062cf49b1f5707bb70ce1fdb9682441c		https://www.encodeproject.org/files/ENCFF205DZY/@@download/ENCFF205DZY.bigWig	M21			released	s3://encode-public/2021/03/15/d6a8ab6c-418f-4e19-91f4-713d836e3c79/ENCFF205DZY.bigWig	https://datasetencode.blob.core.windows.net/dataset/2021/03/15/d6a8ab6c-418f-4e19-91f4-713d836e3c79/ENCFF205DZY.bigWig?sv=2019-10-10&si=prod&sr=c&sig=9qSQZo4ggrCNpybBExU8SypuUZV33igI11xw0P7rB3c%3D	ENCODE4 v1.2.1 mm10 M21	released			
ENCFF670AQP	tsv	tsv		gene quantifications	mm10	ENCSR557RMA	polyA plus RNA-seq	/mouse-donors/ENCDO956IXV/	UBERON:0001891	midbrain	tissue	Mus musculus											polyadenylated mRNA		Ambion mirVana			unstranded	2015-10-13	ENCODE		chemical (Nextera tagmentation)	>200	2	2_1							/files/ENCFF764VRU/, /files/ENCFF363TFV/	11890520	ENCODE Processing Pipeline	e7e0c70aacface875fe8e6407717e6de		https://www.encodeproject.org/files/ENCFF670AQP/@@download/ENCFF670AQP.tsv	M21			released	s3://encode-public/2021/03/15/c390ce75-7903-461c-9331-37928ae328dd/ENCFF670AQP.tsv	https://datasetencode.blob.core.windows.net/dataset/2021/03/15/c390ce75-7903-461c-9331-37928ae328dd/ENCFF670AQP.tsv?sv=2019-10-10&si=prod&sr=c&sig=9qSQZo4ggrCNpybBExU8SypuUZV33igI11xw0P7rB3c%3D	ENCODE4 v1.2.1 mm10 M21	released			
ENCFF158DKX	bigWig	bigWig		plus strand signal of unique reads	mm10	ENCSR000CGY	polyA plus RNA-seq	/mouse-donors/ENCDO956IXV/	UBERON:0005343	cortical plate	tissue	Mus musculus											polyadenylated mRNA					reverse	2011-08-04	ENCODE		see document	>200	2	2_1							/files/ENCFF548JOB/, /files/mm10_no_alt.chrom.sizes/	52363870	ENCODE Processing Pipeline	0e2a346a31ce2972f61223c5933b024e		https://www.encodeproject.org/files/ENCFF158DKX/@@download/ENCFF158DKX.bigWig	M21			released	s3://encode-public/2022/11/07/2709dce7-07d0-47c0-8542-5635aa315497/ENCFF158DKX.bigWig	https://datasetencode.blob.core.windows.net/dataset/2022/11/07/2709dce7-07d0-47c0-8542-5635aa315497/ENCFF158DKX.bigWig?sv=2019-10-10&si=prod&sr=c&sig=9qSQZo4ggrCNpybBExU8SypuUZV33igI11xw0P7rB3c%3D	ENCODE4 v1.2.4 mm10 M21	released	low read depth	missing spikeins, insufficient read length	
ENCFF626EVG	bigWig	bigWig		minus strand signal of unique reads	mm10	ENCSR000CGY	polyA plus RNA-seq	/mouse-donors/ENCDO956IXV/	UBERON:0005343	cortical plate	tissue	Mus musculus											polyadenylated mRNA					reverse	2011-08-04	ENCODE		see document	>200	2	2_1							/files/ENCFF548JOB/, /files/mm10_no_alt.chrom.sizes/	51744557	ENCODE Processing Pipeline	4755bcff176ebe9c0a1d2dac35a6edc5		https://www.encodeproject.org/files/ENCFF626EVG/@@download/ENCFF626EVG.bigWig	M21			released	s3://encode-public/2022/11/07/bc7de8b2-4d3f-4841-a325-820d7023ba93/ENCFF626EVG.bigWig	https://datasetencode.blob.core.windows.net/dataset/2022/11/07/bc7de8b2-4d3f-4841-a325-820d7023ba93/ENCFF626EVG.bigWig?sv=2019-10-10&si=prod&sr=c&sig=9qSQZo4ggrCNpybBExU8SypuUZV33igI11xw0P7rB3c%3D	ENCODE4 v1.2.4 mm10 M21	released	low read depth	missing spikeins, insufficient read length	
ENCFF159FQC	tsv	tsv		gene quantifications	mm10	ENCSR000CGY	polyA plus RNA-seq	/mouse-donors/ENCDO956IXV/	UBERON:0005343	cortical plate	tissue	Mus musculus											polyadenylated mRNA					reverse	2011-08-04	ENCODE		see document	>200	2	2_1							/files/ENCFF703EAT/, /files/ENCFF363TFV/	13160348	ENCODE Processing Pipeline	085c41687b6c8406e1ed12209761dd8c		https://www.encodeproject.org/files/ENCFF159FQC/@@download/ENCFF159FQC.tsv	M21			released	s3://encode-public/2022/11/07/0cf9d5ec-5727-4e99-9493-df1e9610b675/ENCFF159FQC.tsv	https://datasetencode.blob.core.windows.net/dataset/2022/11/07/0cf9d5ec-5727-4e99-9493-df1e9610b675/ENCFF159FQC.tsv?sv=2019-10-10&si=prod&sr=c&sig=9qSQZo4ggrCNpybBExU8SypuUZV33igI11xw0P7rB3c%3D	ENCODE4 v1.2.4 mm10 M21	released	low read depth	missing spikeins, insufficient read length	
ENCFF871WVT	bigWig	bigWig		plus strand signal of unique reads	mm10	ENCSR000CGZ	polyA plus RNA-seq	/mouse-donors/ENCDO956IXV/	UBERON:0000948	heart	tissue	Mus musculus											polyadenylated mRNA					reverse	2011-08-04	ENCODE		see document	>200	1	1_1							/files/mm10_no_alt.chrom.sizes/, /files/ENCFF435DJR/	24674160	ENCODE Processing Pipeline	17cbd7014e2c232f96d7de850f0de9e2		https://www.encodeproject.org/files/ENCFF871WVT/@@download/ENCFF871WVT.bigWig	M21			released	s3://encode-public/2022/11/07/afd9db29-1a2e-4c54-a63c-793667b66a34/ENCFF871WVT.bigWig	https://datasetencode.blob.core.windows.net/dataset/2022/11/07/afd9db29-1a2e-4c54-a63c-793667b66a34/ENCFF871WVT.bigWig?sv=2019-10-10&si=prod&sr=c&sig=9qSQZo4ggrCNpybBExU8SypuUZV33igI11xw0P7rB3c%3D	ENCODE4 v1.2.4 mm10 M21	released	low read depth	missing spikeins, insufficient read length	
ENCFF128GDB	bigWig	bigWig		minus strand signal of unique reads	mm10	ENCSR000CGZ	polyA plus RNA-seq	/mouse-donors/ENCDO956IXV/	UBERON:0000948	heart	tissue	Mus musculus											polyadenylated mRNA					reverse	2011-08-04	ENCODE		see document	>200	1	1_1							/files/mm10_no_alt.chrom.sizes/, /files/ENCFF435DJR/	24684599	ENCODE Processing Pipeline	50252df7d31adcf0530b7599087e1607		https://www.encodeproject.org/files/ENCFF128GDB/@@download/ENCFF128GDB.bigWig	M21			released	s3://encode-public/2022/11/07/1087d01e-3010-4d68-b3a5-91de899719fc/ENCFF128GDB.bigWig	https://datasetencode.blob.core.windows.net/dataset/2022/11/07/1087d01e-3010-4d68-b3a5-91de899719fc/ENCFF128GDB.bigWig?sv=2019-10-10&si=prod&sr=c&sig=9qSQZo4ggrCNpybBExU8SypuUZV33igI11xw0P7rB3c%3D	ENCODE4 v1.2.4 mm10 M21	released	low read depth	missing spikeins, insufficient read length	
ENCFF319UHW	tsv	tsv		gene quantifications	mm10	ENCSR000CGZ	polyA plus RNA-seq	/mouse-donors/ENCDO956IXV/	UBERON:0000948	heart	tissue	Mus musculus											polyadenylated mRNA					reverse	2011-08-04	ENCODE		see document	>200	1	1_1							/files/ENCFF971CFH/, /files/ENCFF363TFV/	13155831	ENCODE Processing Pipeline	fdb2a54c02f71f21b25768d6abff0c70		https://www.encodeproject.org/files/ENCFF319UHW/@@download/ENCFF319UHW.tsv	M21			released	s3://encode-public/2022/11/07/7ba6a43d-c2d0-4b58-a304-51e1b14f3a0d/ENCFF319UHW.tsv	https://datasetencode.blob.core.windows.net/dataset/2022/11/07/7ba6a43d-c2d0-4b58-a304-51e1b14f3a0d/ENCFF319UHW.tsv?sv=2019-10-10&si=prod&sr=c&sig=9qSQZo4ggrCNpybBExU8SypuUZV33igI11xw0P7rB3c%3D	ENCODE4 v1.2.4 mm10 M21	released	low read depth	missing spikeins, insufficient read length	
ENCFF475VSW	bigWig	bigWig		signal of unique reads	mm10	ENCSR284YKY	polyA plus RNA-seq	/mouse-donors/ENCDO956IXV/	UBERON:0000948	heart	tissue	Mus musculus											polyadenylated mRNA		Ambion mirVana			unstranded	2015-10-13	ENCODE		chemical (Nextera tagmentation)	>200	1	1_1							/files/mm10_no_alt.chrom.sizes/, /files/ENCFF280GYQ/	144194665	ENCODE Processing Pipeline	e40b2af0913e5a65d66904e930922a1c		https://www.encodeproject.org/files/ENCFF475VSW/@@download/ENCFF475VSW.bigWig	M21			released	s3://encode-public/2021/03/15/80aac9fb-d4f4-4823-9283-e83c838a3cb1/ENCFF475VSW.bigWig	https://datasetencode.blob.core.windows.net/dataset/2021/03/15/80aac9fb-d4f4-4823-9283-e83c838a3cb1/ENCFF475VSW.bigWig?sv=2019-10-10&si=prod&sr=c&sig=9qSQZo4ggrCNpybBExU8SypuUZV33igI11xw0P7rB3c%3D	ENCODE4 v1.2.1 mm10 M21	released			
ENCFF148BEQ	tsv	tsv		gene quantifications	mm10	ENCSR284YKY	polyA plus RNA-seq	/mouse-donors/ENCDO956IXV/	UBERON:0000948	heart	tissue	Mus musculus											polyadenylated mRNA		Ambion mirVana			unstranded	2015-10-13	ENCODE		chemical (Nextera tagmentation)	>200	1	1_1							/files/ENCFF363TFV/, /files/ENCFF984GEF/	11893064	ENCODE Processing Pipeline	12bd29422de2c44eecb119a7651c7106		https://www.encodeproject.org/files/ENCFF148BEQ/@@download/ENCFF148BEQ.tsv	M21			released	s3://encode-public/2021/03/15/cd9364d0-478f-403e-aa4b-526d79eba7ec/ENCFF148BEQ.tsv	https://datasetencode.blob.core.windows.net/dataset/2021/03/15/cd9364d0-478f-403e-aa4b-526d79eba7ec/ENCFF148BEQ.tsv?sv=2019-10-10&si=prod&sr=c&sig=9qSQZo4ggrCNpybBExU8SypuUZV33igI11xw0P7rB3c%3D	ENCODE4 v1.2.1 mm10 M21	released			
ENCFF296UTE	bigWig	bigWig		plus strand signal of unique reads	mm10	ENCSR000CHC	polyA plus RNA-seq	/mouse-donors/ENCDO956IXV/	UBERON:0002048	lung	tissue	Mus musculus											polyadenylated mRNA					reverse	2011-08-04	ENCODE		see document	>200	1	1_1							/files/ENCFF862HCJ/, /files/mm10_no_alt.chrom.sizes/	43506890	ENCODE Processing Pipeline	5574c06754ab8a9486e515966122b782		https://www.encodeproject.org/files/ENCFF296UTE/@@download/ENCFF296UTE.bigWig	M21			released	s3://encode-public/2022/11/07/3fd3c566-9eae-4928-ab08-ccca6868dfb1/ENCFF296UTE.bigWig	https://datasetencode.blob.core.windows.net/dataset/2022/11/07/3fd3c566-9eae-4928-ab08-ccca6868dfb1/ENCFF296UTE.bigWig?sv=2019-10-10&si=prod&sr=c&sig=9qSQZo4ggrCNpybBExU8SypuUZV33igI11xw0P7rB3c%3D	ENCODE4 v1.2.4 mm10 M21	released	low read depth	missing spikeins, insufficient read length	
ENCFF457WCM	bigWig	bigWig		minus strand signal of unique reads	mm10	ENCSR000CHC	polyA plus RNA-seq	/mouse-donors/ENCDO956IXV/	UBERON:0002048	lung	tissue	Mus musculus											polyadenylated mRNA					reverse	2011-08-04	ENCODE		see document	>200	1	1_1							/files/ENCFF862HCJ/, /files/mm10_no_alt.chrom.sizes/	42480913	ENCODE Processing Pipeline	01f86086e9d00fb030d5983891653af2		https://www.encodeproject.org/files/ENCFF457WCM/@@download/ENCFF457WCM.bigWig	M21			released	s3://encode-public/2022/11/07/5d6a9f3e-7e3d-47a3-b64e-8fbac4172bdf/ENCFF457WCM.bigWig	https://datasetencode.blob.core.windows.net/dataset/2022/11/07/5d6a9f3e-7e3d-47a3-b64e-8fbac4172bdf/ENCFF457WCM.bigWig?sv=2019-10-10&si=prod&sr=c&sig=9qSQZo4ggrCNpybBExU8SypuUZV33igI11xw0P7rB3c%3D	ENCODE4 v1.2.4 mm10 M21	released	low read depth	missing spikeins, insufficient read length	
ENCFF243EAY	tsv	tsv		gene quantifications	mm10	ENCSR000CHC	polyA plus RNA-seq	/mouse-donors/ENCDO956IXV/	UBERON:0002048	lung	tissue	Mus musculus											polyadenylated mRNA					reverse	2011-08-04	ENCODE		see document	>200	1	1_1							/files/ENCFF968IGK/, /files/ENCFF363TFV/	13142428	ENCODE Processing Pipeline	195cbc5bd34740953ab00c66bb89cc64		https://www.encodeproject.org/files/ENCFF243EAY/@@download/ENCFF243EAY.tsv	M21			released	s3://encode-public/2022/11/07/65de1e8f-14a8-4622-a3a4-3aa620d3bf36/ENCFF243EAY.tsv	https://datasetencode.blob.core.windows.net/dataset/2022/11/07/65de1e8f-14a8-4622-a3a4-3aa620d3bf36/ENCFF243EAY.tsv?sv=2019-10-10&si=prod&sr=c&sig=9qSQZo4ggrCNpybBExU8SypuUZV33igI11xw0P7rB3c%3D	ENCODE4 v1.2.4 mm10 M21	released	low read depth	missing spikeins, insufficient read length	
ENCFF869SYW	bigWig	bigWig		plus strand signal of unique reads	mm10	ENCSR000CGX	polyA plus RNA-seq	/mouse-donors/ENCDO956IXV/	UBERON:0002037	cerebellum	tissue	Mus musculus											polyadenylated mRNA					reverse	2011-08-04	ENCODE		see document	>200	2	2_1							/files/mm10_no_alt.chrom.sizes/, /files/ENCFF554AKF/	58854156	ENCODE Processing Pipeline	8d065b77f079ca417076129a9c0b04c5		https://www.encodeproject.org/files/ENCFF869SYW/@@download/ENCFF869SYW.bigWig	M21			released	s3://encode-public/2022/11/07/373fd087-0ebc-44ef-87ea-09dea97a494c/ENCFF869SYW.bigWig	https://datasetencode.blob.core.windows.net/dataset/2022/11/07/373fd087-0ebc-44ef-87ea-09dea97a494c/ENCFF869SYW.bigWig?sv=2019-10-10&si=prod&sr=c&sig=9qSQZo4ggrCNpybBExU8SypuUZV33igI11xw0P7rB3c%3D	ENCODE4 v1.2.4 mm10 M21	released	low read depth	missing spikeins, insufficient read length	
ENCFF016OSX	bigWig	bigWig		minus strand signal of unique reads	mm10	ENCSR000CGX	polyA plus RNA-seq	/mouse-donors/ENCDO956IXV/	UBERON:0002037	cerebellum	tissue	Mus musculus											polyadenylated mRNA					reverse	2011-08-04	ENCODE		see document	>200	2	2_1							/files/mm10_no_alt.chrom.sizes/, /files/ENCFF554AKF/	56651005	ENCODE Processing Pipeline	f6da80e192b5a26c843d60f20bd77e7c		https://www.encodeproject.org/files/ENCFF016OSX/@@download/ENCFF016OSX.bigWig	M21			released	s3://encode-public/2022/11/07/dd1fda33-fda4-4e0c-a991-2bb88b537280/ENCFF016OSX.bigWig	https://datasetencode.blob.core.windows.net/dataset/2022/11/07/dd1fda33-fda4-4e0c-a991-2bb88b537280/ENCFF016OSX.bigWig?sv=2019-10-10&si=prod&sr=c&sig=9qSQZo4ggrCNpybBExU8SypuUZV33igI11xw0P7rB3c%3D	ENCODE4 v1.2.4 mm10 M21	released	low read depth	missing spikeins, insufficient read length	
ENCFF204PPV	tsv	tsv		gene quantifications	mm10	ENCSR000CGX	polyA plus RNA-seq	/mouse-donors/ENCDO956IXV/	UBERON:0002037	cerebellum	tissue	Mus musculus											polyadenylated mRNA					reverse	2011-08-04	ENCODE		see document	>200	2	2_1							/files/ENCFF363TFV/, /files/ENCFF071WWO/	13165245	ENCODE Processing Pipeline	f6b0abdcdb67b6fe9935251a25858c4f		https://www.encodeproject.org/files/ENCFF204PPV/@@download/ENCFF204PPV.tsv	M21			released	s3://encode-public/2022/11/07/547c8b24-b626-46a7-b561-7fbcbc24392d/ENCFF204PPV.tsv	https://datasetencode.blob.core.windows.net/dataset/2022/11/07/547c8b24-b626-46a7-b561-7fbcbc24392d/ENCFF204PPV.tsv?sv=2019-10-10&si=prod&sr=c&sig=9qSQZo4ggrCNpybBExU8SypuUZV33igI11xw0P7rB3c%3D	ENCODE4 v1.2.4 mm10 M21	released	low read depth	missing spikeins, insufficient read length	
ENCFF755JOX	bigWig	bigWig		plus strand signal of unique reads	mm10	ENCSR000CHF	polyA plus RNA-seq	/mouse-donors/ENCDO956IXV/	UBERON:0000948	heart	tissue	Mus musculus											polyadenylated mRNA					reverse	2012-05-04	ENCODE		see document	>200	2	2_1							/files/ENCFF693WBP/, /files/mm10_no_alt.chrom.sizes/	38773160	ENCODE Processing Pipeline	75edc3e8a0e8ffd96b408e40465fb3e7		https://www.encodeproject.org/files/ENCFF755JOX/@@download/ENCFF755JOX.bigWig	M21			released	s3://encode-public/2022/11/07/0aa71a4e-fec0-42e8-9ccd-52f48fb06e1e/ENCFF755JOX.bigWig	https://datasetencode.blob.core.windows.net/dataset/2022/11/07/0aa71a4e-fec0-42e8-9ccd-52f48fb06e1e/ENCFF755JOX.bigWig?sv=2019-10-10&si=prod&sr=c&sig=9qSQZo4ggrCNpybBExU8SypuUZV33igI11xw0P7rB3c%3D	ENCODE4 v1.2.4 mm10 M21	released	low read depth, low replicate concordance	missing spikeins, insufficient read length	
ENCFF347KYT	bigWig	bigWig		minus strand signal of unique reads	mm10	ENCSR000CHF	polyA plus RNA-seq	/mouse-donors/ENCDO956IXV/	UBERON:0000948	heart	tissue	Mus musculus											polyadenylated mRNA					reverse	2012-05-04	ENCODE		see document	>200	2	2_1							/files/ENCFF693WBP/, /files/mm10_no_alt.chrom.sizes/	39415114	ENCODE Processing Pipeline	99e7090765adeb5b229e5e8792f3e6a1		https://www.encodeproject.org/files/ENCFF347KYT/@@download/ENCFF347KYT.bigWig	M21			released	s3://encode-public/2022/11/07/b0785804-9752-46a3-b224-5a4c91f9802f/ENCFF347KYT.bigWig	https://datasetencode.blob.core.windows.net/dataset/2022/11/07/b0785804-9752-46a3-b224-5a4c91f9802f/ENCFF347KYT.bigWig?sv=2019-10-10&si=prod&sr=c&sig=9qSQZo4ggrCNpybBExU8SypuUZV33igI11xw0P7rB3c%3D	ENCODE4 v1.2.4 mm10 M21	released	low read depth, low replicate concordance	missing spikeins, insufficient read length	
ENCFF926IIV	tsv	tsv		gene quantifications	mm10	ENCSR000CHF	polyA plus RNA-seq	/mouse-donors/ENCDO956IXV/	UBERON:0000948	heart	tissue	Mus musculus											polyadenylated mRNA					reverse	2012-05-04	ENCODE		see document	>200	2	2_1							/files/ENCFF866XJA/, /files/ENCFF363TFV/	13100110	ENCODE Processing Pipeline	60633e78ad5e28a54288edb4f35c2feb		https://www.encodeproject.org/files/ENCFF926IIV/@@download/ENCFF926IIV.tsv	M21			released	s3://encode-public/2022/11/07/db18959a-554e-41f9-a2fa-7a92cc467fa4/ENCFF926IIV.tsv	https://datasetencode.blob.core.windows.net/dataset/2022/11/07/db18959a-554e-41f9-a2fa-7a92cc467fa4/ENCFF926IIV.tsv?sv=2019-10-10&si=prod&sr=c&sig=9qSQZo4ggrCNpybBExU8SypuUZV33igI11xw0P7rB3c%3D	ENCODE4 v1.2.4 mm10 M21	released	low read depth, low replicate concordance	missing spikeins, insufficient read length	
ENCFF549OIA	bigWig	bigWig		plus strand signal of unique reads	mm10	ENCSR000CHI	polyA plus RNA-seq	/mouse-donors/ENCDO956IXV/	UBERON:0002108	small intestine	tissue	Mus musculus											polyadenylated mRNA					reverse	2012-05-04	ENCODE		see document	>200	2	2_1							/files/ENCFF591JFU/, /files/mm10_no_alt.chrom.sizes/	30058810	ENCODE Processing Pipeline	1215730972b11f4fd9a61c2f0d41976b		https://www.encodeproject.org/files/ENCFF549OIA/@@download/ENCFF549OIA.bigWig	M21			released	s3://encode-public/2022/11/07/3e4e5108-0e12-47c8-b462-6b40fee77771/ENCFF549OIA.bigWig	https://datasetencode.blob.core.windows.net/dataset/2022/11/07/3e4e5108-0e12-47c8-b462-6b40fee77771/ENCFF549OIA.bigWig?sv=2019-10-10&si=prod&sr=c&sig=9qSQZo4ggrCNpybBExU8SypuUZV33igI11xw0P7rB3c%3D	ENCODE4 v1.2.4 mm10 M21	released	low read depth, low replicate concordance	insufficient read depth, missing spikeins, insufficient read length	
ENCFF127FZL	bigWig	bigWig		minus strand signal of unique reads	mm10	ENCSR000CHI	polyA plus RNA-seq	/mouse-donors/ENCDO956IXV/	UBERON:0002108	small intestine	tissue	Mus musculus											polyadenylated mRNA					reverse	2012-05-04	ENCODE		see document	>200	2	2_1							/files/ENCFF591JFU/, /files/mm10_no_alt.chrom.sizes/	29238782	ENCODE Processing Pipeline	47e98d7acf38fa2a213e445f17d82c9c		https://www.encodeproject.org/files/ENCFF127FZL/@@download/ENCFF127FZL.bigWig	M21			released	s3://encode-public/2022/11/07/84c195c8-93e5-478f-9d02-e9b38ac4e136/ENCFF127FZL.bigWig	https://datasetencode.blob.core.windows.net/dataset/2022/11/07/84c195c8-93e5-478f-9d02-e9b38ac4e136/ENCFF127FZL.bigWig?sv=2019-10-10&si=prod&sr=c&sig=9qSQZo4ggrCNpybBExU8SypuUZV33igI11xw0P7rB3c%3D	ENCODE4 v1.2.4 mm10 M21	released	low read depth, low replicate concordance	insufficient read depth, missing spikeins, insufficient read length	
ENCFF264ZOX	tsv	tsv		gene quantifications	mm10	ENCSR000CHI	polyA plus RNA-seq	/mouse-donors/ENCDO956IXV/	UBERON:0002108	small intestine	tissue	Mus musculus											polyadenylated mRNA					reverse	2012-05-04	ENCODE		see document	>200	2	2_1							/files/ENCFF108BDW/, /files/ENCFF363TFV/	13106302	ENCODE Processing Pipeline	ae7c4555e4563118c0c7427da3388c46		https://www.encodeproject.org/files/ENCFF264ZOX/@@download/ENCFF264ZOX.tsv	M21			released	s3://encode-public/2022/11/07/7063843f-7a2b-4424-9f88-a1a66c35458e/ENCFF264ZOX.tsv	https://datasetencode.blob.core.windows.net/dataset/2022/11/07/7063843f-7a2b-4424-9f88-a1a66c35458e/ENCFF264ZOX.tsv?sv=2019-10-10&si=prod&sr=c&sig=9qSQZo4ggrCNpybBExU8SypuUZV33igI11xw0P7rB3c%3D	ENCODE4 v1.2.4 mm10 M21	released	low read depth, low replicate concordance	insufficient read depth, missing spikeins, insufficient read length	
ENCFF352GQX	bigWig	bigWig		plus strand signal of unique reads	mm10	ENCSR000CHE	polyA plus RNA-seq	/mouse-donors/ENCDO956IXV/	UBERON:0002107	liver	tissue	Mus musculus											polyadenylated mRNA					reverse	2012-05-04	ENCODE		see document	>200	1	1_1							/files/mm10_no_alt.chrom.sizes/, /files/ENCFF450WQL/	23286502	ENCODE Processing Pipeline	e57109a6c55f8f7a5d8bea8a7f4bb398		https://www.encodeproject.org/files/ENCFF352GQX/@@download/ENCFF352GQX.bigWig	M21			released	s3://encode-public/2022/11/07/b76cb644-04a7-4e26-8a8a-9fe804b6cb78/ENCFF352GQX.bigWig	https://datasetencode.blob.core.windows.net/dataset/2022/11/07/b76cb644-04a7-4e26-8a8a-9fe804b6cb78/ENCFF352GQX.bigWig?sv=2019-10-10&si=prod&sr=c&sig=9qSQZo4ggrCNpybBExU8SypuUZV33igI11xw0P7rB3c%3D	ENCODE4 v1.2.4 mm10 M21	released	low replicate concordance	insufficient read depth, missing spikeins, insufficient read length	
ENCFF367HHU	bigWig	bigWig		minus strand signal of unique reads	mm10	ENCSR000CHE	polyA plus RNA-seq	/mouse-donors/ENCDO956IXV/	UBERON:0002107	liver	tissue	Mus musculus											polyadenylated mRNA					reverse	2012-05-04	ENCODE		see document	>200	1	1_1							/files/mm10_no_alt.chrom.sizes/, /files/ENCFF450WQL/	22918890	ENCODE Processing Pipeline	629c0aa686059fd795fd9a0af545f0c4		https://www.encodeproject.org/files/ENCFF367HHU/@@download/ENCFF367HHU.bigWig	M21			released	s3://encode-public/2022/11/07/28633435-8062-4baf-b139-a35823c47614/ENCFF367HHU.bigWig	https://datasetencode.blob.core.windows.net/dataset/2022/11/07/28633435-8062-4baf-b139-a35823c47614/ENCFF367HHU.bigWig?sv=2019-10-10&si=prod&sr=c&sig=9qSQZo4ggrCNpybBExU8SypuUZV33igI11xw0P7rB3c%3D	ENCODE4 v1.2.4 mm10 M21	released	low replicate concordance	insufficient read depth, missing spikeins, insufficient read length	
ENCFF269QPX	tsv	tsv		gene quantifications	mm10	ENCSR000CHE	polyA plus RNA-seq	/mouse-donors/ENCDO956IXV/	UBERON:0002107	liver	tissue	Mus musculus											polyadenylated mRNA					reverse	2012-05-04	ENCODE		see document	>200	1	1_1							/files/ENCFF345LRH/, /files/ENCFF363TFV/	13133696	ENCODE Processing Pipeline	2fc0bb069eead4b43664f9b4f68b76bd		https://www.encodeproject.org/files/ENCFF269QPX/@@download/ENCFF269QPX.tsv	M21			released	s3://encode-public/2022/11/07/3af436b3-29c9-41a4-968d-1a56dccf1c24/ENCFF269QPX.tsv	https://datasetencode.blob.core.windows.net/dataset/2022/11/07/3af436b3-29c9-41a4-968d-1a56dccf1c24/ENCFF269QPX.tsv?sv=2019-10-10&si=prod&sr=c&sig=9qSQZo4ggrCNpybBExU8SypuUZV33igI11xw0P7rB3c%3D	ENCODE4 v1.2.4 mm10 M21	released	low replicate concordance	insufficient read depth, missing spikeins, insufficient read length	
ENCFF812PFF	bigWig	bigWig		plus strand signal of unique reads	mm10	ENCSR000CGW	polyA plus RNA-seq	/mouse-donors/ENCDO956IXV/	UBERON:0002106	spleen	tissue	Mus musculus											polyadenylated mRNA					reverse	2011-08-04	ENCODE		see document	>200	1	1_1							/files/ENCFF023YFX/, /files/mm10_no_alt.chrom.sizes/	32279291	ENCODE Processing Pipeline	446ae901065fe1507ea17e1d94ca6784		https://www.encodeproject.org/files/ENCFF812PFF/@@download/ENCFF812PFF.bigWig	M21			released	s3://encode-public/2022/11/07/c5baf4a8-63d5-405e-9a49-03b3cab18888/ENCFF812PFF.bigWig	https://datasetencode.blob.core.windows.net/dataset/2022/11/07/c5baf4a8-63d5-405e-9a49-03b3cab18888/ENCFF812PFF.bigWig?sv=2019-10-10&si=prod&sr=c&sig=9qSQZo4ggrCNpybBExU8SypuUZV33igI11xw0P7rB3c%3D	ENCODE4 v1.2.4 mm10 M21	released		insufficient read depth, missing spikeins, insufficient read length	
ENCFF820MFJ	bigWig	bigWig		minus strand signal of unique reads	mm10	ENCSR000CGW	polyA plus RNA-seq	/mouse-donors/ENCDO956IXV/	UBERON:0002106	spleen	tissue	Mus musculus											polyadenylated mRNA					reverse	2011-08-04	ENCODE		see document	>200	1	1_1							/files/ENCFF023YFX/, /files/mm10_no_alt.chrom.sizes/	31522694	ENCODE Processing Pipeline	1cf53dce89ae410a44583148830de997		https://www.encodeproject.org/files/ENCFF820MFJ/@@download/ENCFF820MFJ.bigWig	M21			released	s3://encode-public/2022/11/07/efd05c91-f033-442e-9241-381550aa2f4f/ENCFF820MFJ.bigWig	https://datasetencode.blob.core.windows.net/dataset/2022/11/07/efd05c91-f033-442e-9241-381550aa2f4f/ENCFF820MFJ.bigWig?sv=2019-10-10&si=prod&sr=c&sig=9qSQZo4ggrCNpybBExU8SypuUZV33igI11xw0P7rB3c%3D	ENCODE4 v1.2.4 mm10 M21	released		insufficient read depth, missing spikeins, insufficient read length	
ENCFF039RMJ	tsv	tsv		gene quantifications	mm10	ENCSR000CGW	polyA plus RNA-seq	/mouse-donors/ENCDO956IXV/	UBERON:0002106	spleen	tissue	Mus musculus											polyadenylated mRNA					reverse	2011-08-04	ENCODE		see document	>200	1	1_1							/files/ENCFF261KHK/, /files/ENCFF363TFV/	13142953	ENCODE Processing Pipeline	6412a98fe1550fef0910610bd3e24d29		https://www.encodeproject.org/files/ENCFF039RMJ/@@download/ENCFF039RMJ.tsv	M21			released	s3://encode-public/2022/11/07/0873a4d1-f423-44a3-b5dd-9bfde3ee04c6/ENCFF039RMJ.tsv	https://datasetencode.blob.core.windows.net/dataset/2022/11/07/0873a4d1-f423-44a3-b5dd-9bfde3ee04c6/ENCFF039RMJ.tsv?sv=2019-10-10&si=prod&sr=c&sig=9qSQZo4ggrCNpybBExU8SypuUZV33igI11xw0P7rB3c%3D	ENCODE4 v1.2.4 mm10 M21	released		insufficient read depth, missing spikeins, insufficient read length	
ENCFF459MOL	bigWig	bigWig		plus strand signal of unique reads	mm10	ENCSR000CHN	polyA plus RNA-seq	/mouse-donors/ENCDO956IXV/	UBERON:0001348	brown adipose tissue	tissue	Mus musculus											polyadenylated mRNA					reverse	2012-05-04	ENCODE		see document	>200	2	2_1							/files/mm10_no_alt.chrom.sizes/, /files/ENCFF593NAZ/	15197847	ENCODE Processing Pipeline	985ab3e2fa4febc828074f522bedb1e1		https://www.encodeproject.org/files/ENCFF459MOL/@@download/ENCFF459MOL.bigWig	M21			released	s3://encode-public/2022/11/07/0af28f81-20f5-4c43-83c7-ffb777048670/ENCFF459MOL.bigWig	https://datasetencode.blob.core.windows.net/dataset/2022/11/07/0af28f81-20f5-4c43-83c7-ffb777048670/ENCFF459MOL.bigWig?sv=2019-10-10&si=prod&sr=c&sig=9qSQZo4ggrCNpybBExU8SypuUZV33igI11xw0P7rB3c%3D	ENCODE4 v1.2.4 mm10 M21	released		insufficient read depth, missing spikeins, insufficient read length	
ENCFF381WIF	bigWig	bigWig		minus strand signal of unique reads	mm10	ENCSR000CHN	polyA plus RNA-seq	/mouse-donors/ENCDO956IXV/	UBERON:0001348	brown adipose tissue	tissue	Mus musculus											polyadenylated mRNA					reverse	2012-05-04	ENCODE		see document	>200	2	2_1							/files/mm10_no_alt.chrom.sizes/, /files/ENCFF593NAZ/	15127421	ENCODE Processing Pipeline	17672d81ebcc074bddc60fd208898f23		https://www.encodeproject.org/files/ENCFF381WIF/@@download/ENCFF381WIF.bigWig	M21			released	s3://encode-public/2022/11/07/e6e2dd73-7c9d-45b0-8e09-e0c71600ad44/ENCFF381WIF.bigWig	https://datasetencode.blob.core.windows.net/dataset/2022/11/07/e6e2dd73-7c9d-45b0-8e09-e0c71600ad44/ENCFF381WIF.bigWig?sv=2019-10-10&si=prod&sr=c&sig=9qSQZo4ggrCNpybBExU8SypuUZV33igI11xw0P7rB3c%3D	ENCODE4 v1.2.4 mm10 M21	released		insufficient read depth, missing spikeins, insufficient read length	
ENCFF034LZM	tsv	tsv		gene quantifications	mm10	ENCSR000CHN	polyA plus RNA-seq	/mouse-donors/ENCDO956IXV/	UBERON:0001348	brown adipose tissue	tissue	Mus musculus											polyadenylated mRNA					reverse	2012-05-04	ENCODE		see document	>200	2	2_1							/files/ENCFF897UZL/, /files/ENCFF363TFV/	13164590	ENCODE Processing Pipeline	d7e9c02c5672be9473e6afcec766795e		https://www.encodeproject.org/files/ENCFF034LZM/@@download/ENCFF034LZM.tsv	M21			released	s3://encode-public/2022/11/07/65175a22-7e06-4304-af43-783d0fc516be/ENCFF034LZM.tsv	https://datasetencode.blob.core.windows.net/dataset/2022/11/07/65175a22-7e06-4304-af43-783d0fc516be/ENCFF034LZM.tsv?sv=2019-10-10&si=prod&sr=c&sig=9qSQZo4ggrCNpybBExU8SypuUZV33igI11xw0P7rB3c%3D	ENCODE4 v1.2.4 mm10 M21	released		insufficient read depth, missing spikeins, insufficient read length	
ENCFF385RIA	bigWig	bigWig		plus strand signal of unique reads	mm10	ENCSR000CHB	polyA plus RNA-seq	/mouse-donors/ENCDO956IXV/	UBERON:0002107	liver	tissue	Mus musculus											polyadenylated mRNA					reverse	2011-08-04	ENCODE		see document	>200	1	1_1							/files/mm10_no_alt.chrom.sizes/, /files/ENCFF455LAQ/	26796972	ENCODE Processing Pipeline	631f94e518c5f481ca642e14b9050be5		https://www.encodeproject.org/files/ENCFF385RIA/@@download/ENCFF385RIA.bigWig	M21			released	s3://encode-public/2022/11/07/40fcad33-feb0-4182-9806-44930ad8a812/ENCFF385RIA.bigWig	https://datasetencode.blob.core.windows.net/dataset/2022/11/07/40fcad33-feb0-4182-9806-44930ad8a812/ENCFF385RIA.bigWig?sv=2019-10-10&si=prod&sr=c&sig=9qSQZo4ggrCNpybBExU8SypuUZV33igI11xw0P7rB3c%3D	ENCODE4 v1.2.4 mm10 M21	released	low read depth, low replicate concordance	insufficient read depth, missing spikeins, insufficient read length	
ENCFF107IDC	bigWig	bigWig		minus strand signal of unique reads	mm10	ENCSR000CHB	polyA plus RNA-seq	/mouse-donors/ENCDO956IXV/	UBERON:0002107	liver	tissue	Mus musculus											polyadenylated mRNA					reverse	2011-08-04	ENCODE		see document	>200	1	1_1							/files/mm10_no_alt.chrom.sizes/, /files/ENCFF455LAQ/	25437120	ENCODE Processing Pipeline	65a7475050649871eb6de41a8f60e4f7		https://www.encodeproject.org/files/ENCFF107IDC/@@download/ENCFF107IDC.bigWig	M21			released	s3://encode-public/2022/11/07/f60bc833-0b3c-4537-99e9-f5e230951ffc/ENCFF107IDC.bigWig	https://datasetencode.blob.core.windows.net/dataset/2022/11/07/f60bc833-0b3c-4537-99e9-f5e230951ffc/ENCFF107IDC.bigWig?sv=2019-10-10&si=prod&sr=c&sig=9qSQZo4ggrCNpybBExU8SypuUZV33igI11xw0P7rB3c%3D	ENCODE4 v1.2.4 mm10 M21	released	low read depth, low replicate concordance	insufficient read depth, missing spikeins, insufficient read length	
ENCFF805SYI	tsv	tsv		gene quantifications	mm10	ENCSR000CHB	polyA plus RNA-seq	/mouse-donors/ENCDO956IXV/	UBERON:0002107	liver	tissue	Mus musculus											polyadenylated mRNA					reverse	2011-08-04	ENCODE		see document	>200	1	1_1							/files/ENCFF463BEX/, /files/ENCFF363TFV/	13148713	ENCODE Processing Pipeline	032efb73f1fbacb264c4766d4062762f		https://www.encodeproject.org/files/ENCFF805SYI/@@download/ENCFF805SYI.tsv	M21			released	s3://encode-public/2022/11/07/fc3716e5-1118-49c5-b144-b58de91f35c4/ENCFF805SYI.tsv	https://datasetencode.blob.core.windows.net/dataset/2022/11/07/fc3716e5-1118-49c5-b144-b58de91f35c4/ENCFF805SYI.tsv?sv=2019-10-10&si=prod&sr=c&sig=9qSQZo4ggrCNpybBExU8SypuUZV33igI11xw0P7rB3c%3D	ENCODE4 v1.2.4 mm10 M21	released	low read depth, low replicate concordance	insufficient read depth, missing spikeins, insufficient read length	
ENCFF818LIM	bigWig	bigWig		signal of unique reads	mm10	ENCSR347SQR	polyA plus RNA-seq	/mouse-donors/ENCDO956IXV/	UBERON:0002101	limb	tissue	Mus musculus											polyadenylated mRNA		Ambion mirVana			unstranded	2015-10-13	ENCODE		chemical (Nextera tagmentation)	>200	2	2_1							/files/ENCFF252LKY/, /files/mm10_no_alt.chrom.sizes/	205083561	ENCODE Processing Pipeline	b476caa7c4405c31ccd606b2f90fae04		https://www.encodeproject.org/files/ENCFF818LIM/@@download/ENCFF818LIM.bigWig	M21			released	s3://encode-public/2021/03/15/7c207772-c1db-4dac-8165-ba94ca3f8369/ENCFF818LIM.bigWig	https://datasetencode.blob.core.windows.net/dataset/2021/03/15/7c207772-c1db-4dac-8165-ba94ca3f8369/ENCFF818LIM.bigWig?sv=2019-10-10&si=prod&sr=c&sig=9qSQZo4ggrCNpybBExU8SypuUZV33igI11xw0P7rB3c%3D	ENCODE4 v1.2.1 mm10 M21	released			
ENCFF734XAZ	tsv	tsv		gene quantifications	mm10	ENCSR347SQR	polyA plus RNA-seq	/mouse-donors/ENCDO956IXV/	UBERON:0002101	limb	tissue	Mus musculus											polyadenylated mRNA		Ambion mirVana			unstranded	2015-10-13	ENCODE		chemical (Nextera tagmentation)	>200	2	2_1							/files/ENCFF851TYV/, /files/ENCFF363TFV/	11897623	ENCODE Processing Pipeline	8c54cdb4e61753dac813d1cf83c6afba		https://www.encodeproject.org/files/ENCFF734XAZ/@@download/ENCFF734XAZ.tsv	M21			released	s3://encode-public/2021/03/15/c978736e-26ff-4c9e-842b-94c83a5a53ea/ENCFF734XAZ.tsv	https://datasetencode.blob.core.windows.net/dataset/2021/03/15/c978736e-26ff-4c9e-842b-94c83a5a53ea/ENCFF734XAZ.tsv?sv=2019-10-10&si=prod&sr=c&sig=9qSQZo4ggrCNpybBExU8SypuUZV33igI11xw0P7rB3c%3D	ENCODE4 v1.2.1 mm10 M21	released			
ENCFF785KAJ	tsv	tsv		gene quantifications	mm10	ENCSR992WBR	polyA plus RNA-seq	/mouse-donors/ENCDO956IXV/	UBERON:0002048	lung	tissue	Mus musculus											polyadenylated mRNA		Ambion mirVana			unstranded	2015-10-13	ENCODE		chemical (Nextera tagmentation)	>200	1	1_1							/files/ENCFF363TFV/, /files/ENCFF988ZTR/	11897250	ENCODE Processing Pipeline	8903f4dd28ce7e46d31ad7bc58c0e2c6		https://www.encodeproject.org/files/ENCFF785KAJ/@@download/ENCFF785KAJ.tsv	M21			released	s3://encode-public/2021/03/24/3600f960-cbe7-4c03-9f93-2dfe40e248a4/ENCFF785KAJ.tsv	https://datasetencode.blob.core.windows.net/dataset/2021/03/24/3600f960-cbe7-4c03-9f93-2dfe40e248a4/ENCFF785KAJ.tsv?sv=2019-10-10&si=prod&sr=c&sig=9qSQZo4ggrCNpybBExU8SypuUZV33igI11xw0P7rB3c%3D	ENCODE4 v1.2.1 mm10 M21	released			
ENCFF678XDF	bigWig	bigWig		signal of unique reads	mm10	ENCSR992WBR	polyA plus RNA-seq	/mouse-donors/ENCDO956IXV/	UBERON:0002048	lung	tissue	Mus musculus											polyadenylated mRNA		Ambion mirVana			unstranded	2015-10-13	ENCODE		chemical (Nextera tagmentation)	>200	1	1_1							/files/ENCFF608JDQ/, /files/mm10_no_alt.chrom.sizes/	171527162	ENCODE Processing Pipeline	e1489716e9a01854bf53cae022b971e7		https://www.encodeproject.org/files/ENCFF678XDF/@@download/ENCFF678XDF.bigWig	M21			released	s3://encode-public/2021/03/24/1996d6f9-8652-4c1b-ad90-0692850f9a65/ENCFF678XDF.bigWig	https://datasetencode.blob.core.windows.net/dataset/2021/03/24/1996d6f9-8652-4c1b-ad90-0692850f9a65/ENCFF678XDF.bigWig?sv=2019-10-10&si=prod&sr=c&sig=9qSQZo4ggrCNpybBExU8SypuUZV33igI11xw0P7rB3c%3D	ENCODE4 v1.2.1 mm10 M21	released			
ENCFF740FBB	bigWig	bigWig		signal of unique reads	mm10	ENCSR150CUE	polyA plus RNA-seq	/mouse-donors/ENCDO956IXV/	UBERON:0000948	heart	tissue	Mus musculus											polyadenylated mRNA		Ambion mirVana			unstranded	2016-05-03	ENCODE		chemical (Nextera tagmentation)	>200	1	1_1							/files/ENCFF886PZI/, /files/mm10_no_alt.chrom.sizes/	163160154	ENCODE Processing Pipeline	b5a1a789672b0bf48df91fff9e85bee7		https://www.encodeproject.org/files/ENCFF740FBB/@@download/ENCFF740FBB.bigWig	M21			released	s3://encode-public/2021/03/15/235b7005-9ed9-4f45-ae62-84bd3ea59ffd/ENCFF740FBB.bigWig	https://datasetencode.blob.core.windows.net/dataset/2021/03/15/235b7005-9ed9-4f45-ae62-84bd3ea59ffd/ENCFF740FBB.bigWig?sv=2019-10-10&si=prod&sr=c&sig=9qSQZo4ggrCNpybBExU8SypuUZV33igI11xw0P7rB3c%3D	ENCODE4 v1.2.1 mm10 M21	released			
ENCFF484QWQ	tsv	tsv		gene quantifications	mm10	ENCSR150CUE	polyA plus RNA-seq	/mouse-donors/ENCDO956IXV/	UBERON:0000948	heart	tissue	Mus musculus											polyadenylated mRNA		Ambion mirVana			unstranded	2016-05-03	ENCODE		chemical (Nextera tagmentation)	>200	1	1_1							/files/ENCFF363TFV/, /files/ENCFF348WSG/	11891743	ENCODE Processing Pipeline	cd62226fc2e975b5f3aa547f33c546c8		https://www.encodeproject.org/files/ENCFF484QWQ/@@download/ENCFF484QWQ.tsv	M21			released	s3://encode-public/2021/03/15/6f5232d2-37b8-443c-a988-795b73e5a744/ENCFF484QWQ.tsv	https://datasetencode.blob.core.windows.net/dataset/2021/03/15/6f5232d2-37b8-443c-a988-795b73e5a744/ENCFF484QWQ.tsv?sv=2019-10-10&si=prod&sr=c&sig=9qSQZo4ggrCNpybBExU8SypuUZV33igI11xw0P7rB3c%3D	ENCODE4 v1.2.1 mm10 M21	released			
ENCFF521YOL	tsv	tsv		gene quantifications	mm10	ENCSR908JWT	polyA plus RNA-seq	/mouse-donors/ENCDO956IXV/	UBERON:0001891	midbrain	tissue	Mus musculus											polyadenylated mRNA		Ambion mirVana			unstranded	2016-05-03	ENCODE		chemical (Nextera tagmentation)	>200	2	2_1							/files/ENCFF363TFV/, /files/ENCFF913KTR/	11890714	ENCODE Processing Pipeline	b774e4fe6f2faa82bc073ab38995f754		https://www.encodeproject.org/files/ENCFF521YOL/@@download/ENCFF521YOL.tsv	M21			released	s3://encode-public/2021/03/24/8366c121-a6ab-4dc2-93b0-1dee5be21418/ENCFF521YOL.tsv	https://datasetencode.blob.core.windows.net/dataset/2021/03/24/8366c121-a6ab-4dc2-93b0-1dee5be21418/ENCFF521YOL.tsv?sv=2019-10-10&si=prod&sr=c&sig=9qSQZo4ggrCNpybBExU8SypuUZV33igI11xw0P7rB3c%3D	ENCODE4 v1.2.1 mm10 M21	released			
ENCFF496CSL	bigWig	bigWig		signal of unique reads	mm10	ENCSR908JWT	polyA plus RNA-seq	/mouse-donors/ENCDO956IXV/	UBERON:0001891	midbrain	tissue	Mus musculus											polyadenylated mRNA		Ambion mirVana			unstranded	2016-05-03	ENCODE		chemical (Nextera tagmentation)	>200	2	2_1							/files/ENCFF027CIN/, /files/mm10_no_alt.chrom.sizes/	214375290	ENCODE Processing Pipeline	955b1dfcb14517816d7ebb915c24f620		https://www.encodeproject.org/files/ENCFF496CSL/@@download/ENCFF496CSL.bigWig	M21			released	s3://encode-public/2021/03/24/94f4a7ce-c11f-47a4-a755-8798b04174a9/ENCFF496CSL.bigWig	https://datasetencode.blob.core.windows.net/dataset/2021/03/24/94f4a7ce-c11f-47a4-a755-8798b04174a9/ENCFF496CSL.bigWig?sv=2019-10-10&si=prod&sr=c&sig=9qSQZo4ggrCNpybBExU8SypuUZV33igI11xw0P7rB3c%3D	ENCODE4 v1.2.1 mm10 M21	released			
ENCFF720JIN	tsv	tsv		gene quantifications	mm10	ENCSR809VYL	polyA plus RNA-seq	/mouse-donors/ENCDO956IXV/	UBERON:0012314	embryonic facial prominence	tissue	Mus musculus											polyadenylated mRNA		Ambion mirVana			unstranded	2016-08-11	ENCODE		chemical (Nextera tagmentation)	>200	1	1_1							/files/ENCFF555TJT/, /files/ENCFF363TFV/	11896800	ENCODE Processing Pipeline	fd8e220508ef32c89246e2370f53a7e9		https://www.encodeproject.org/files/ENCFF720JIN/@@download/ENCFF720JIN.tsv	M21			released	s3://encode-public/2021/03/15/c81f2f5b-f92c-406d-9998-77381bf1644f/ENCFF720JIN.tsv	https://datasetencode.blob.core.windows.net/dataset/2021/03/15/c81f2f5b-f92c-406d-9998-77381bf1644f/ENCFF720JIN.tsv?sv=2019-10-10&si=prod&sr=c&sig=9qSQZo4ggrCNpybBExU8SypuUZV33igI11xw0P7rB3c%3D	ENCODE4 v1.2.1 mm10 M21	released			
ENCFF566YKN	bigWig	bigWig		signal of unique reads	mm10	ENCSR809VYL	polyA plus RNA-seq	/mouse-donors/ENCDO956IXV/	UBERON:0012314	embryonic facial prominence	tissue	Mus musculus											polyadenylated mRNA		Ambion mirVana			unstranded	2016-08-11	ENCODE		chemical (Nextera tagmentation)	>200	1	1_1							/files/mm10_no_alt.chrom.sizes/, /files/ENCFF758PZK/	185857217	ENCODE Processing Pipeline	1f00f2bd4bda365c0cd7c3ffb8ddc190		https://www.encodeproject.org/files/ENCFF566YKN/@@download/ENCFF566YKN.bigWig	M21			released	s3://encode-public/2021/03/15/73fcd613-d1b0-4f40-8718-490dd71a4dfc/ENCFF566YKN.bigWig	https://datasetencode.blob.core.windows.net/dataset/2021/03/15/73fcd613-d1b0-4f40-8718-490dd71a4dfc/ENCFF566YKN.bigWig?sv=2019-10-10&si=prod&sr=c&sig=9qSQZo4ggrCNpybBExU8SypuUZV33igI11xw0P7rB3c%3D	ENCODE4 v1.2.1 mm10 M21	released			
ENCFF377BYA	bigWig	bigWig		signal of unique reads	mm10	ENCSR304RDL	polyA plus RNA-seq	/mouse-donors/ENCDO956IXV/	UBERON:0001890	forebrain	tissue	Mus musculus											polyadenylated mRNA		Ambion mirVana			unstranded	2016-08-11	ENCODE		chemical (Nextera tagmentation)	>200	1	1_1							/files/ENCFF733BKS/, /files/mm10_no_alt.chrom.sizes/	188488972	ENCODE Processing Pipeline	2de5ca8ce9bddf799196d6ad603ca832		https://www.encodeproject.org/files/ENCFF377BYA/@@download/ENCFF377BYA.bigWig	M21			released	s3://encode-public/2021/03/15/50ad274f-c840-4afc-a63e-d3df51195a43/ENCFF377BYA.bigWig	https://datasetencode.blob.core.windows.net/dataset/2021/03/15/50ad274f-c840-4afc-a63e-d3df51195a43/ENCFF377BYA.bigWig?sv=2019-10-10&si=prod&sr=c&sig=9qSQZo4ggrCNpybBExU8SypuUZV33igI11xw0P7rB3c%3D	ENCODE4 v1.2.1 mm10 M21	released			
ENCFF145PTV	tsv	tsv		gene quantifications	mm10	ENCSR304RDL	polyA plus RNA-seq	/mouse-donors/ENCDO956IXV/	UBERON:0001890	forebrain	tissue	Mus musculus											polyadenylated mRNA		Ambion mirVana			unstranded	2016-08-11	ENCODE		chemical (Nextera tagmentation)	>200	1	1_1							/files/ENCFF363TFV/, /files/ENCFF917DRP/	11899678	ENCODE Processing Pipeline	e5df33e0f1ca39d991905bae9af2b747		https://www.encodeproject.org/files/ENCFF145PTV/@@download/ENCFF145PTV.tsv	M21			released	s3://encode-public/2021/03/15/d5c48dff-6437-4938-a526-182f2fb614e3/ENCFF145PTV.tsv	https://datasetencode.blob.core.windows.net/dataset/2021/03/15/d5c48dff-6437-4938-a526-182f2fb614e3/ENCFF145PTV.tsv?sv=2019-10-10&si=prod&sr=c&sig=9qSQZo4ggrCNpybBExU8SypuUZV33igI11xw0P7rB3c%3D	ENCODE4 v1.2.1 mm10 M21	released			
ENCFF467HUY	bigWig	bigWig		plus strand signal of unique reads	mm10	ENCSR266ESZ	polyA plus RNA-seq	/mouse-donors/ENCDO072AAA/	UBERON:0000473	testis	tissue	Mus musculus											polyadenylated mRNA		RNeasy Lipid Tissue Mini Kit (QIAGEN cat#74804)			reverse	2014-12-08	ENCODE		chemical (Illumina TruSeq)	350-450	1	1_1							/files/mm10_no_alt.chrom.sizes/, /files/ENCFF451RFN/	157472154	ENCODE Processing Pipeline	ffd04e09de365b3021d51b1230383a4a		https://www.encodeproject.org/files/ENCFF467HUY/@@download/ENCFF467HUY.bigWig	M21			released	s3://encode-public/2021/04/07/255e0061-6fd0-42dc-baeb-dc6227faf1cd/ENCFF467HUY.bigWig	https://datasetencode.blob.core.windows.net/dataset/2021/04/07/255e0061-6fd0-42dc-baeb-dc6227faf1cd/ENCFF467HUY.bigWig?sv=2019-10-10&si=prod&sr=c&sig=9qSQZo4ggrCNpybBExU8SypuUZV33igI11xw0P7rB3c%3D	ENCODE4 v1.2.3 mm10 M21	released	low read depth, low replicate concordance		
ENCFF017RGQ	bigWig	bigWig		minus strand signal of unique reads	mm10	ENCSR266ESZ	polyA plus RNA-seq	/mouse-donors/ENCDO072AAA/	UBERON:0000473	testis	tissue	Mus musculus											polyadenylated mRNA		RNeasy Lipid Tissue Mini Kit (QIAGEN cat#74804)			reverse	2014-12-08	ENCODE		chemical (Illumina TruSeq)	350-450	1	1_1							/files/mm10_no_alt.chrom.sizes/, /files/ENCFF451RFN/	151928310	ENCODE Processing Pipeline	3900a73409ee3d690a220da7bcaa14c7		https://www.encodeproject.org/files/ENCFF017RGQ/@@download/ENCFF017RGQ.bigWig	M21			released	s3://encode-public/2021/04/07/addf21cb-bf71-47ad-b0b2-3a456071fad4/ENCFF017RGQ.bigWig	https://datasetencode.blob.core.windows.net/dataset/2021/04/07/addf21cb-bf71-47ad-b0b2-3a456071fad4/ENCFF017RGQ.bigWig?sv=2019-10-10&si=prod&sr=c&sig=9qSQZo4ggrCNpybBExU8SypuUZV33igI11xw0P7rB3c%3D	ENCODE4 v1.2.3 mm10 M21	released	low read depth, low replicate concordance		
ENCFF906KFU	tsv	tsv		gene quantifications	mm10	ENCSR266ESZ	polyA plus RNA-seq	/mouse-donors/ENCDO072AAA/	UBERON:0000473	testis	tissue	Mus musculus											polyadenylated mRNA		RNeasy Lipid Tissue Mini Kit (QIAGEN cat#74804)			reverse	2014-12-08	ENCODE		chemical (Illumina TruSeq)	350-450	1	1_1							/files/ENCFF462OGD/, /files/ENCFF363TFV/	11777350	ENCODE Processing Pipeline	50f2d32a8f8b7b9760678987c599e59d		https://www.encodeproject.org/files/ENCFF906KFU/@@download/ENCFF906KFU.tsv	M21			released	s3://encode-public/2021/04/07/1f07130f-06e3-4870-8364-b0b5217b9404/ENCFF906KFU.tsv	https://datasetencode.blob.core.windows.net/dataset/2021/04/07/1f07130f-06e3-4870-8364-b0b5217b9404/ENCFF906KFU.tsv?sv=2019-10-10&si=prod&sr=c&sig=9qSQZo4ggrCNpybBExU8SypuUZV33igI11xw0P7rB3c%3D	ENCODE4 v1.2.3 mm10 M21	released	low read depth, low replicate concordance		
ENCFF525YIT	bigWig	bigWig		signal of unique reads	mm10	ENCSR216NEG	polyA plus RNA-seq	/mouse-donors/ENCDO956IXV/	UBERON:0002101	limb	tissue	Mus musculus											polyadenylated mRNA		Ambion mirVana			unstranded	2014-12-17	ENCODE		chemical (Nextera tagmentation)	>200	1	1_1							/files/mm10_no_alt.chrom.sizes/, /files/ENCFF604FAD/	163505193	ENCODE Processing Pipeline	9634d4c138cdd513a5e1367915257cae		https://www.encodeproject.org/files/ENCFF525YIT/@@download/ENCFF525YIT.bigWig	M21			released	s3://encode-public/2021/03/15/907e2d9c-2571-4bb7-9d28-e706221d9f97/ENCFF525YIT.bigWig	https://datasetencode.blob.core.windows.net/dataset/2021/03/15/907e2d9c-2571-4bb7-9d28-e706221d9f97/ENCFF525YIT.bigWig?sv=2019-10-10&si=prod&sr=c&sig=9qSQZo4ggrCNpybBExU8SypuUZV33igI11xw0P7rB3c%3D	ENCODE4 v1.2.1 mm10 M21	released			
ENCFF394CND	tsv	tsv		gene quantifications	mm10	ENCSR216NEG	polyA plus RNA-seq	/mouse-donors/ENCDO956IXV/	UBERON:0002101	limb	tissue	Mus musculus											polyadenylated mRNA		Ambion mirVana			unstranded	2014-12-17	ENCODE		chemical (Nextera tagmentation)	>200	1	1_1							/files/ENCFF503XXI/, /files/ENCFF363TFV/	11888932	ENCODE Processing Pipeline	a18063cd13e225182dcd8f08a2d4be34		https://www.encodeproject.org/files/ENCFF394CND/@@download/ENCFF394CND.tsv	M21			released	s3://encode-public/2021/03/15/5930751d-f725-433f-8284-ebde3235c61d/ENCFF394CND.tsv	https://datasetencode.blob.core.windows.net/dataset/2021/03/15/5930751d-f725-433f-8284-ebde3235c61d/ENCFF394CND.tsv?sv=2019-10-10&si=prod&sr=c&sig=9qSQZo4ggrCNpybBExU8SypuUZV33igI11xw0P7rB3c%3D	ENCODE4 v1.2.1 mm10 M21	released			
ENCFF612COQ	bigWig	bigWig		signal of unique reads	mm10	ENCSR173PJN	polyA plus RNA-seq	/mouse-donors/ENCDO956IXV/	UBERON:0002113	kidney	tissue	Mus musculus											polyadenylated mRNA		Ambion mirVana			unstranded	2015-06-23	ENCODE		chemical (Nextera tagmentation)	>200	2	2_1							/files/ENCFF970YRK/, /files/mm10_no_alt.chrom.sizes/	157000410	ENCODE Processing Pipeline	1d014925dfee8f9c395553b9932ae996		https://www.encodeproject.org/files/ENCFF612COQ/@@download/ENCFF612COQ.bigWig	M21			released	s3://encode-public/2021/03/15/e5d20845-c0f5-445d-8d0f-8459c4cd4e1b/ENCFF612COQ.bigWig	https://datasetencode.blob.core.windows.net/dataset/2021/03/15/e5d20845-c0f5-445d-8d0f-8459c4cd4e1b/ENCFF612COQ.bigWig?sv=2019-10-10&si=prod&sr=c&sig=9qSQZo4ggrCNpybBExU8SypuUZV33igI11xw0P7rB3c%3D	ENCODE4 v1.2.1 mm10 M21	released			
ENCFF151ERW	tsv	tsv		gene quantifications	mm10	ENCSR173PJN	polyA plus RNA-seq	/mouse-donors/ENCDO956IXV/	UBERON:0002113	kidney	tissue	Mus musculus											polyadenylated mRNA		Ambion mirVana			unstranded	2015-06-23	ENCODE		chemical (Nextera tagmentation)	>200	2	2_1							/files/ENCFF090XSZ/, /files/ENCFF363TFV/	11912382	ENCODE Processing Pipeline	07b5ee81e2663a1241e77ea180fc7323		https://www.encodeproject.org/files/ENCFF151ERW/@@download/ENCFF151ERW.tsv	M21			released	s3://encode-public/2021/03/15/33fbedea-1646-4d41-8f79-eaf2cda1e906/ENCFF151ERW.tsv	https://datasetencode.blob.core.windows.net/dataset/2021/03/15/33fbedea-1646-4d41-8f79-eaf2cda1e906/ENCFF151ERW.tsv?sv=2019-10-10&si=prod&sr=c&sig=9qSQZo4ggrCNpybBExU8SypuUZV33igI11xw0P7rB3c%3D	ENCODE4 v1.2.1 mm10 M21	released			
ENCFF663DPX	bigWig	bigWig		minus strand signal of unique reads	mm10	ENCSR394YLM	polyA plus RNA-seq	/mouse-donors/ENCDO072AAA/	UBERON:0002113	kidney	tissue	Mus musculus											polyadenylated mRNA		RNeasy Lipid Tissue Mini Kit (QIAGEN cat#74804)			reverse	2014-12-08	ENCODE		chemical (Illumina TruSeq)	350-450	1	1_1							/files/ENCFF125EKF/, /files/mm10_no_alt.chrom.sizes/	56916773	ENCODE Processing Pipeline	2f65f9022092f2c67f910e7d76cc448e		https://www.encodeproject.org/files/ENCFF663DPX/@@download/ENCFF663DPX.bigWig	M21			released	s3://encode-public/2021/04/07/2b8da20e-3e99-4338-93c9-5fb6ea62b27b/ENCFF663DPX.bigWig	https://datasetencode.blob.core.windows.net/dataset/2021/04/07/2b8da20e-3e99-4338-93c9-5fb6ea62b27b/ENCFF663DPX.bigWig?sv=2019-10-10&si=prod&sr=c&sig=9qSQZo4ggrCNpybBExU8SypuUZV33igI11xw0P7rB3c%3D	ENCODE4 v1.2.3 mm10 M21	released	low read depth, low replicate concordance		
ENCFF866CSJ	bigWig	bigWig		plus strand signal of unique reads	mm10	ENCSR394YLM	polyA plus RNA-seq	/mouse-donors/ENCDO072AAA/	UBERON:0002113	kidney	tissue	Mus musculus											polyadenylated mRNA		RNeasy Lipid Tissue Mini Kit (QIAGEN cat#74804)			reverse	2014-12-08	ENCODE		chemical (Illumina TruSeq)	350-450	1	1_1							/files/ENCFF125EKF/, /files/mm10_no_alt.chrom.sizes/	58154734	ENCODE Processing Pipeline	e61d9cd7f694c1c67379e3baa5e2cc35		https://www.encodeproject.org/files/ENCFF866CSJ/@@download/ENCFF866CSJ.bigWig	M21			released	s3://encode-public/2021/04/07/a24ad9ac-40d6-4d3b-a676-e14183bb3ee6/ENCFF866CSJ.bigWig	https://datasetencode.blob.core.windows.net/dataset/2021/04/07/a24ad9ac-40d6-4d3b-a676-e14183bb3ee6/ENCFF866CSJ.bigWig?sv=2019-10-10&si=prod&sr=c&sig=9qSQZo4ggrCNpybBExU8SypuUZV33igI11xw0P7rB3c%3D	ENCODE4 v1.2.3 mm10 M21	released	low read depth, low replicate concordance		
ENCFF240PJE	tsv	tsv		gene quantifications	mm10	ENCSR394YLM	polyA plus RNA-seq	/mouse-donors/ENCDO072AAA/	UBERON:0002113	kidney	tissue	Mus musculus											polyadenylated mRNA		RNeasy Lipid Tissue Mini Kit (QIAGEN cat#74804)			reverse	2014-12-08	ENCODE		chemical (Illumina TruSeq)	350-450	1	1_1							/files/ENCFF148ZTK/, /files/ENCFF363TFV/	11787146	ENCODE Processing Pipeline	8c1b5e2912c84f922025b87d544b93b8		https://www.encodeproject.org/files/ENCFF240PJE/@@download/ENCFF240PJE.tsv	M21			released	s3://encode-public/2021/04/07/21a13dfb-f683-4870-ae00-4a3598838f5c/ENCFF240PJE.tsv	https://datasetencode.blob.core.windows.net/dataset/2021/04/07/21a13dfb-f683-4870-ae00-4a3598838f5c/ENCFF240PJE.tsv?sv=2019-10-10&si=prod&sr=c&sig=9qSQZo4ggrCNpybBExU8SypuUZV33igI11xw0P7rB3c%3D	ENCODE4 v1.2.3 mm10 M21	released	low read depth, low replicate concordance		
ENCFF649WEQ	tsv	tsv		gene quantifications	mm10	ENCSR647QBV	polyA plus RNA-seq	/mouse-donors/ENCDO956IXV/	UBERON:0001890	forebrain	tissue	Mus musculus											polyadenylated mRNA		Ambion mirVana			unstranded	2016-05-03	ENCODE		chemical (Nextera tagmentation)	>200	2	2_1							/files/ENCFF363TFV/, /files/ENCFF743QGT/	11886391	ENCODE Processing Pipeline	552c0763e5a92f704b2fadd694de9c4b		https://www.encodeproject.org/files/ENCFF649WEQ/@@download/ENCFF649WEQ.tsv	M21			released	s3://encode-public/2021/03/15/28c170b2-ebd7-4c84-9b1c-dbb782bc6b00/ENCFF649WEQ.tsv	https://datasetencode.blob.core.windows.net/dataset/2021/03/15/28c170b2-ebd7-4c84-9b1c-dbb782bc6b00/ENCFF649WEQ.tsv?sv=2019-10-10&si=prod&sr=c&sig=9qSQZo4ggrCNpybBExU8SypuUZV33igI11xw0P7rB3c%3D	ENCODE4 v1.2.1 mm10 M21	released			
ENCFF369FKH	bigWig	bigWig		signal of unique reads	mm10	ENCSR647QBV	polyA plus RNA-seq	/mouse-donors/ENCDO956IXV/	UBERON:0001890	forebrain	tissue	Mus musculus											polyadenylated mRNA		Ambion mirVana			unstranded	2016-05-03	ENCODE		chemical (Nextera tagmentation)	>200	2	2_1							/files/ENCFF795HUL/, /files/mm10_no_alt.chrom.sizes/	208289594	ENCODE Processing Pipeline	bc7f8d8cd1137af746854faa7fdc4c09		https://www.encodeproject.org/files/ENCFF369FKH/@@download/ENCFF369FKH.bigWig	M21			released	s3://encode-public/2021/03/15/9218325b-31e6-4168-88d1-f2cfbe301efb/ENCFF369FKH.bigWig	https://datasetencode.blob.core.windows.net/dataset/2021/03/15/9218325b-31e6-4168-88d1-f2cfbe301efb/ENCFF369FKH.bigWig?sv=2019-10-10&si=prod&sr=c&sig=9qSQZo4ggrCNpybBExU8SypuUZV33igI11xw0P7rB3c%3D	ENCODE4 v1.2.1 mm10 M21	released			
ENCFF527IMQ	bigWig	bigWig		signal of unique reads	mm10	ENCSR906YQZ	polyA plus RNA-seq	/mouse-donors/ENCDO956IXV/	UBERON:0000945	stomach	tissue	Mus musculus											polyadenylated mRNA		Ambion mirVana			unstranded	2015-10-13	ENCODE		chemical (Nextera tagmentation)	>200	1	1_1							/files/ENCFF489JNP/, /files/mm10_no_alt.chrom.sizes/	211574342	ENCODE Processing Pipeline	a909b1bf90246e75a5a9e747d86a07bf		https://www.encodeproject.org/files/ENCFF527IMQ/@@download/ENCFF527IMQ.bigWig	M21			released	s3://encode-public/2021/03/24/2c800c49-b831-416e-886a-44f70b01e4f8/ENCFF527IMQ.bigWig	https://datasetencode.blob.core.windows.net/dataset/2021/03/24/2c800c49-b831-416e-886a-44f70b01e4f8/ENCFF527IMQ.bigWig?sv=2019-10-10&si=prod&sr=c&sig=9qSQZo4ggrCNpybBExU8SypuUZV33igI11xw0P7rB3c%3D	ENCODE4 v1.2.1 mm10 M21	released			
ENCFF238RTX	tsv	tsv		gene quantifications	mm10	ENCSR906YQZ	polyA plus RNA-seq	/mouse-donors/ENCDO956IXV/	UBERON:0000945	stomach	tissue	Mus musculus											polyadenylated mRNA		Ambion mirVana			unstranded	2015-10-13	ENCODE		chemical (Nextera tagmentation)	>200	1	1_1							/files/ENCFF363TFV/, /files/ENCFF074IJR/	11894745	ENCODE Processing Pipeline	e4720d9dceffe62cc58925ad7e56def1		https://www.encodeproject.org/files/ENCFF238RTX/@@download/ENCFF238RTX.tsv	M21			released	s3://encode-public/2021/03/24/3863daa7-081e-4da2-94ca-00ba4262f21b/ENCFF238RTX.tsv	https://datasetencode.blob.core.windows.net/dataset/2021/03/24/3863daa7-081e-4da2-94ca-00ba4262f21b/ENCFF238RTX.tsv?sv=2019-10-10&si=prod&sr=c&sig=9qSQZo4ggrCNpybBExU8SypuUZV33igI11xw0P7rB3c%3D	ENCODE4 v1.2.1 mm10 M21	released			
ENCFF177VZQ	bigWig	bigWig		signal of unique reads	mm10	ENCSR830IVQ	polyA plus RNA-seq	/mouse-donors/ENCDO956IXV/	UBERON:0002101	limb	tissue	Mus musculus											polyadenylated mRNA		Ambion mirVana			unstranded	2015-10-13	ENCODE		chemical (Nextera tagmentation)	>200	2	2_1							/files/ENCFF796PTA/, /files/mm10_no_alt.chrom.sizes/	179911808	ENCODE Processing Pipeline	6c1e78353a5e1f01e3fe8b846cf9807c		https://www.encodeproject.org/files/ENCFF177VZQ/@@download/ENCFF177VZQ.bigWig	M21			released	s3://encode-public/2021/03/15/d06c6c3b-da6c-4c8c-97c8-af5e90058a70/ENCFF177VZQ.bigWig	https://datasetencode.blob.core.windows.net/dataset/2021/03/15/d06c6c3b-da6c-4c8c-97c8-af5e90058a70/ENCFF177VZQ.bigWig?sv=2019-10-10&si=prod&sr=c&sig=9qSQZo4ggrCNpybBExU8SypuUZV33igI11xw0P7rB3c%3D	ENCODE4 v1.2.1 mm10 M21	released			
ENCFF081SJL	tsv	tsv		gene quantifications	mm10	ENCSR830IVQ	polyA plus RNA-seq	/mouse-donors/ENCDO956IXV/	UBERON:0002101	limb	tissue	Mus musculus											polyadenylated mRNA		Ambion mirVana			unstranded	2015-10-13	ENCODE		chemical (Nextera tagmentation)	>200	2	2_1							/files/ENCFF985ZUO/, /files/ENCFF363TFV/	11897297	ENCODE Processing Pipeline	794aca8d1f42f53bbb72537c99ab26d4		https://www.encodeproject.org/files/ENCFF081SJL/@@download/ENCFF081SJL.tsv	M21			released	s3://encode-public/2021/03/15/f7e44d9c-e463-4c4a-bbe4-5ea2978cdb0c/ENCFF081SJL.tsv	https://datasetencode.blob.core.windows.net/dataset/2021/03/15/f7e44d9c-e463-4c4a-bbe4-5ea2978cdb0c/ENCFF081SJL.tsv?sv=2019-10-10&si=prod&sr=c&sig=9qSQZo4ggrCNpybBExU8SypuUZV33igI11xw0P7rB3c%3D	ENCODE4 v1.2.1 mm10 M21	released			
ENCFF293OVC	bigWig	bigWig		signal of unique reads	mm10	ENCSR178GUS	polyA plus RNA-seq	/mouse-donors/ENCDO956IXV/	UBERON:0000945	stomach	tissue	Mus musculus											polyadenylated mRNA		Ambion mirVana			unstranded	2015-06-23	ENCODE		chemical (Nextera tagmentation)	>200	1	1_1							/files/mm10_no_alt.chrom.sizes/, /files/ENCFF657AXS/	153354113	ENCODE Processing Pipeline	b4f6311e8e2d7e22b09c81e9feae666f		https://www.encodeproject.org/files/ENCFF293OVC/@@download/ENCFF293OVC.bigWig	M21			released	s3://encode-public/2021/03/15/363e0a5a-44d9-4a9f-bcce-46a27895235e/ENCFF293OVC.bigWig	https://datasetencode.blob.core.windows.net/dataset/2021/03/15/363e0a5a-44d9-4a9f-bcce-46a27895235e/ENCFF293OVC.bigWig?sv=2019-10-10&si=prod&sr=c&sig=9qSQZo4ggrCNpybBExU8SypuUZV33igI11xw0P7rB3c%3D	ENCODE4 v1.2.1 mm10 M21	released			
ENCFF865VYW	tsv	tsv		gene quantifications	mm10	ENCSR178GUS	polyA plus RNA-seq	/mouse-donors/ENCDO956IXV/	UBERON:0000945	stomach	tissue	Mus musculus											polyadenylated mRNA		Ambion mirVana			unstranded	2015-06-23	ENCODE		chemical (Nextera tagmentation)	>200	1	1_1							/files/ENCFF363TFV/, /files/ENCFF488VWD/	11911024	ENCODE Processing Pipeline	78d42d8004819e0507aaccc9a5cf5e06		https://www.encodeproject.org/files/ENCFF865VYW/@@download/ENCFF865VYW.tsv	M21			released	s3://encode-public/2021/03/15/07c266e4-3d29-4345-9eaf-556451e3b091/ENCFF865VYW.tsv	https://datasetencode.blob.core.windows.net/dataset/2021/03/15/07c266e4-3d29-4345-9eaf-556451e3b091/ENCFF865VYW.tsv?sv=2019-10-10&si=prod&sr=c&sig=9qSQZo4ggrCNpybBExU8SypuUZV33igI11xw0P7rB3c%3D	ENCODE4 v1.2.1 mm10 M21	released			
ENCFF482MHN	bigWig	bigWig		minus strand signal of unique reads	mm10	ENCSR966JPL	polyA plus RNA-seq	/mouse-donors/ENCDO072AAA/	UBERON:0002106	spleen	tissue	Mus musculus											polyadenylated mRNA		RNeasy Lipid Tissue Mini Kit (QIAGEN cat#74804)			reverse	2015-01-08	ENCODE		chemical (Illumina TruSeq)	350-450	1	1_1							/files/mm10_no_alt.chrom.sizes/, /files/ENCFF198PFU/	120616233	ENCODE Processing Pipeline	21693729c49629a371bf3d86ebcd7091		https://www.encodeproject.org/files/ENCFF482MHN/@@download/ENCFF482MHN.bigWig	M21			released	s3://encode-public/2021/04/08/e369792f-edef-4ece-8c36-1d118d99bb72/ENCFF482MHN.bigWig	https://datasetencode.blob.core.windows.net/dataset/2021/04/08/e369792f-edef-4ece-8c36-1d118d99bb72/ENCFF482MHN.bigWig?sv=2019-10-10&si=prod&sr=c&sig=9qSQZo4ggrCNpybBExU8SypuUZV33igI11xw0P7rB3c%3D	ENCODE4 v1.2.3 mm10 M21	released	low replicate concordance	insufficient read depth	
ENCFF123BUT	tsv	tsv		gene quantifications	mm10	ENCSR966JPL	polyA plus RNA-seq	/mouse-donors/ENCDO072AAA/	UBERON:0002106	spleen	tissue	Mus musculus											polyadenylated mRNA		RNeasy Lipid Tissue Mini Kit (QIAGEN cat#74804)			reverse	2015-01-08	ENCODE		chemical (Illumina TruSeq)	350-450	1	1_1							/files/ENCFF363TFV/, /files/ENCFF194IBO/	11779860	ENCODE Processing Pipeline	bf076f3bb851ccc0f8ad946fa9906e1c		https://www.encodeproject.org/files/ENCFF123BUT/@@download/ENCFF123BUT.tsv	M21			released	s3://encode-public/2021/04/08/1b166598-a973-4f66-8958-4aaa057bc265/ENCFF123BUT.tsv	https://datasetencode.blob.core.windows.net/dataset/2021/04/08/1b166598-a973-4f66-8958-4aaa057bc265/ENCFF123BUT.tsv?sv=2019-10-10&si=prod&sr=c&sig=9qSQZo4ggrCNpybBExU8SypuUZV33igI11xw0P7rB3c%3D	ENCODE4 v1.2.3 mm10 M21	released	low replicate concordance	insufficient read depth	
ENCFF048ELZ	bigWig	bigWig		plus strand signal of unique reads	mm10	ENCSR966JPL	polyA plus RNA-seq	/mouse-donors/ENCDO072AAA/	UBERON:0002106	spleen	tissue	Mus musculus											polyadenylated mRNA		RNeasy Lipid Tissue Mini Kit (QIAGEN cat#74804)			reverse	2015-01-08	ENCODE		chemical (Illumina TruSeq)	350-450	1	1_1							/files/mm10_no_alt.chrom.sizes/, /files/ENCFF198PFU/	123319592	ENCODE Processing Pipeline	d5736b79a2999ee560c502df5cc933c1		https://www.encodeproject.org/files/ENCFF048ELZ/@@download/ENCFF048ELZ.bigWig	M21			released	s3://encode-public/2021/04/08/82add22b-726b-48de-915e-e00c188efa21/ENCFF048ELZ.bigWig	https://datasetencode.blob.core.windows.net/dataset/2021/04/08/82add22b-726b-48de-915e-e00c188efa21/ENCFF048ELZ.bigWig?sv=2019-10-10&si=prod&sr=c&sig=9qSQZo4ggrCNpybBExU8SypuUZV33igI11xw0P7rB3c%3D	ENCODE4 v1.2.3 mm10 M21	released	low replicate concordance	insufficient read depth	
ENCFF173NFQ	tsv	tsv		gene quantifications	mm10	ENCSR648YEP	polyA plus RNA-seq	/mouse-donors/ENCDO956IXV/	UBERON:0002107	liver	tissue	Mus musculus											polyadenylated mRNA		Ambion mirVana			unstranded	2016-05-03	ENCODE		chemical (Nextera tagmentation)	>200	1	1_1							/files/ENCFF363TFV/, /files/ENCFF578IPX/	11898532	ENCODE Processing Pipeline	5d08e1cdee45b7d2e5a7c85bc41077cf		https://www.encodeproject.org/files/ENCFF173NFQ/@@download/ENCFF173NFQ.tsv	M21			released	s3://encode-public/2021/03/15/bd00f154-941e-4723-99c1-ce50e27aafe4/ENCFF173NFQ.tsv	https://datasetencode.blob.core.windows.net/dataset/2021/03/15/bd00f154-941e-4723-99c1-ce50e27aafe4/ENCFF173NFQ.tsv?sv=2019-10-10&si=prod&sr=c&sig=9qSQZo4ggrCNpybBExU8SypuUZV33igI11xw0P7rB3c%3D	ENCODE4 v1.2.1 mm10 M21	released			
ENCFF184EFQ	bigWig	bigWig		signal of unique reads	mm10	ENCSR648YEP	polyA plus RNA-seq	/mouse-donors/ENCDO956IXV/	UBERON:0002107	liver	tissue	Mus musculus											polyadenylated mRNA		Ambion mirVana			unstranded	2016-05-03	ENCODE		chemical (Nextera tagmentation)	>200	1	1_1							/files/mm10_no_alt.chrom.sizes/, /files/ENCFF133CSN/	146575498	ENCODE Processing Pipeline	e2d45a3061d6cb12dbe437ae5a7c1e32		https://www.encodeproject.org/files/ENCFF184EFQ/@@download/ENCFF184EFQ.bigWig	M21			released	s3://encode-public/2021/03/15/60b9bd76-a974-4532-bf2e-0b7293a51622/ENCFF184EFQ.bigWig	https://datasetencode.blob.core.windows.net/dataset/2021/03/15/60b9bd76-a974-4532-bf2e-0b7293a51622/ENCFF184EFQ.bigWig?sv=2019-10-10&si=prod&sr=c&sig=9qSQZo4ggrCNpybBExU8SypuUZV33igI11xw0P7rB3c%3D	ENCODE4 v1.2.1 mm10 M21	released			
ENCFF319VES	bigWig	bigWig		signal of unique reads	mm10	ENCSR508GWZ	polyA plus RNA-seq	/mouse-donors/ENCDO956IXV/	UBERON:0001049	neural tube	tissue	Mus musculus											polyadenylated mRNA		Ambion mirVana			unstranded	2016-05-03	ENCODE		chemical (Nextera tagmentation)	>200	2	2_1							/files/ENCFF559WGG/, /files/mm10_no_alt.chrom.sizes/	193850609	ENCODE Processing Pipeline	9ec8b4a4c294d00eaf301bdc60eb94a3		https://www.encodeproject.org/files/ENCFF319VES/@@download/ENCFF319VES.bigWig	M21			released	s3://encode-public/2021/03/15/c2a504ba-fb23-43b7-899b-0878296ec5be/ENCFF319VES.bigWig	https://datasetencode.blob.core.windows.net/dataset/2021/03/15/c2a504ba-fb23-43b7-899b-0878296ec5be/ENCFF319VES.bigWig?sv=2019-10-10&si=prod&sr=c&sig=9qSQZo4ggrCNpybBExU8SypuUZV33igI11xw0P7rB3c%3D	ENCODE4 v1.2.1 mm10 M21	released			
ENCFF550DPX	tsv	tsv		gene quantifications	mm10	ENCSR508GWZ	polyA plus RNA-seq	/mouse-donors/ENCDO956IXV/	UBERON:0001049	neural tube	tissue	Mus musculus											polyadenylated mRNA		Ambion mirVana			unstranded	2016-05-03	ENCODE		chemical (Nextera tagmentation)	>200	2	2_1							/files/ENCFF363TFV/, /files/ENCFF654GTF/	11887924	ENCODE Processing Pipeline	09dbc5c29e90206ae95bfd541e14946f		https://www.encodeproject.org/files/ENCFF550DPX/@@download/ENCFF550DPX.tsv	M21			released	s3://encode-public/2021/03/15/b83a43cc-5528-43a5-8e3a-e6e5eb39f051/ENCFF550DPX.tsv	https://datasetencode.blob.core.windows.net/dataset/2021/03/15/b83a43cc-5528-43a5-8e3a-e6e5eb39f051/ENCFF550DPX.tsv?sv=2019-10-10&si=prod&sr=c&sig=9qSQZo4ggrCNpybBExU8SypuUZV33igI11xw0P7rB3c%3D	ENCODE4 v1.2.1 mm10 M21	released			
ENCFF046OKC	bigWig	bigWig		signal of unique reads	mm10	ENCSR921PRX	polyA plus RNA-seq	/mouse-donors/ENCDO956IXV/	UBERON:0002028	hindbrain	tissue	Mus musculus											polyadenylated mRNA		Ambion mirVana			unstranded	2015-10-13	ENCODE		chemical (Nextera tagmentation)	>200	2	2_1							/files/ENCFF160VGK/, /files/mm10_no_alt.chrom.sizes/	208199299	ENCODE Processing Pipeline	8e53df240584678414a9c336d77a20ca		https://www.encodeproject.org/files/ENCFF046OKC/@@download/ENCFF046OKC.bigWig	M21			released	s3://encode-public/2021/03/24/c5d8192e-840b-4148-b893-382053c38f6b/ENCFF046OKC.bigWig	https://datasetencode.blob.core.windows.net/dataset/2021/03/24/c5d8192e-840b-4148-b893-382053c38f6b/ENCFF046OKC.bigWig?sv=2019-10-10&si=prod&sr=c&sig=9qSQZo4ggrCNpybBExU8SypuUZV33igI11xw0P7rB3c%3D	ENCODE4 v1.2.1 mm10 M21	released			
ENCFF960KJV	tsv	tsv		gene quantifications	mm10	ENCSR921PRX	polyA plus RNA-seq	/mouse-donors/ENCDO956IXV/	UBERON:0002028	hindbrain	tissue	Mus musculus											polyadenylated mRNA		Ambion mirVana			unstranded	2015-10-13	ENCODE		chemical (Nextera tagmentation)	>200	2	2_1							/files/ENCFF363TFV/, /files/ENCFF833QHR/	11889214	ENCODE Processing Pipeline	704c74ec5a9627ea2cf5876029c42182		https://www.encodeproject.org/files/ENCFF960KJV/@@download/ENCFF960KJV.tsv	M21			released	s3://encode-public/2021/03/24/9a278a1c-b987-4851-92b0-65abd208f58a/ENCFF960KJV.tsv	https://datasetencode.blob.core.windows.net/dataset/2021/03/24/9a278a1c-b987-4851-92b0-65abd208f58a/ENCFF960KJV.tsv?sv=2019-10-10&si=prod&sr=c&sig=9qSQZo4ggrCNpybBExU8SypuUZV33igI11xw0P7rB3c%3D	ENCODE4 v1.2.1 mm10 M21	released			
ENCFF162QMG	bigWig	bigWig		signal of unique reads	mm10	ENCSR826HIQ	polyA plus RNA-seq	/mouse-donors/ENCDO956IXV/	UBERON:0002107	liver	tissue	Mus musculus											polyadenylated mRNA		Ambion mirVana			unstranded	2015-10-13	ENCODE		chemical (Nextera tagmentation)	>200	2	2_1							/files/mm10_no_alt.chrom.sizes/, /files/ENCFF648VDY/	128500828	ENCODE Processing Pipeline	81cebc3eb8e9086f4c9447b505bf440c		https://www.encodeproject.org/files/ENCFF162QMG/@@download/ENCFF162QMG.bigWig	M21			released	s3://encode-public/2021/03/15/62331f32-d3f8-42ae-9d66-cd89be8721fa/ENCFF162QMG.bigWig	https://datasetencode.blob.core.windows.net/dataset/2021/03/15/62331f32-d3f8-42ae-9d66-cd89be8721fa/ENCFF162QMG.bigWig?sv=2019-10-10&si=prod&sr=c&sig=9qSQZo4ggrCNpybBExU8SypuUZV33igI11xw0P7rB3c%3D	ENCODE4 v1.2.1 mm10 M21	released			
ENCFF620ZGA	tsv	tsv		gene quantifications	mm10	ENCSR826HIQ	polyA plus RNA-seq	/mouse-donors/ENCDO956IXV/	UBERON:0002107	liver	tissue	Mus musculus											polyadenylated mRNA		Ambion mirVana			unstranded	2015-10-13	ENCODE		chemical (Nextera tagmentation)	>200	2	2_1							/files/ENCFF855MSP/, /files/ENCFF363TFV/	11911041	ENCODE Processing Pipeline	969f8da145930ee2c9d96b0e133f8ab6		https://www.encodeproject.org/files/ENCFF620ZGA/@@download/ENCFF620ZGA.tsv	M21			released	s3://encode-public/2021/03/15/41e18020-9c4b-4e35-8f40-5b7aff3d8c42/ENCFF620ZGA.tsv	https://datasetencode.blob.core.windows.net/dataset/2021/03/15/41e18020-9c4b-4e35-8f40-5b7aff3d8c42/ENCFF620ZGA.tsv?sv=2019-10-10&si=prod&sr=c&sig=9qSQZo4ggrCNpybBExU8SypuUZV33igI11xw0P7rB3c%3D	ENCODE4 v1.2.1 mm10 M21	released			
ENCFF264KWG	tsv	tsv		gene quantifications	mm10	ENCSR537GNQ	polyA plus RNA-seq	/mouse-donors/ENCDO956IXV/	UBERON:0002113	kidney	tissue	Mus musculus											polyadenylated mRNA		Ambion mirVana			unstranded	2015-10-13	ENCODE		chemical (Nextera tagmentation)	>200	2	2_1							/files/ENCFF363TFV/, /files/ENCFF622VGQ/	11897556	ENCODE Processing Pipeline	faa246c5222497a56272c5b110069d1e		https://www.encodeproject.org/files/ENCFF264KWG/@@download/ENCFF264KWG.tsv	M21			released	s3://encode-public/2021/03/15/3af0d917-5a83-421c-8daf-103551e5dc9c/ENCFF264KWG.tsv	https://datasetencode.blob.core.windows.net/dataset/2021/03/15/3af0d917-5a83-421c-8daf-103551e5dc9c/ENCFF264KWG.tsv?sv=2019-10-10&si=prod&sr=c&sig=9qSQZo4ggrCNpybBExU8SypuUZV33igI11xw0P7rB3c%3D	ENCODE4 v1.2.1 mm10 M21	released			
ENCFF383BUV	bigWig	bigWig		signal of unique reads	mm10	ENCSR537GNQ	polyA plus RNA-seq	/mouse-donors/ENCDO956IXV/	UBERON:0002113	kidney	tissue	Mus musculus											polyadenylated mRNA		Ambion mirVana			unstranded	2015-10-13	ENCODE		chemical (Nextera tagmentation)	>200	2	2_1							/files/mm10_no_alt.chrom.sizes/, /files/ENCFF065GHQ/	164686598	ENCODE Processing Pipeline	9764f569de8c226b095e282a62a6a4b5		https://www.encodeproject.org/files/ENCFF383BUV/@@download/ENCFF383BUV.bigWig	M21			released	s3://encode-public/2021/03/15/0c0a4367-7b5d-4974-a4d5-9d403623153d/ENCFF383BUV.bigWig	https://datasetencode.blob.core.windows.net/dataset/2021/03/15/0c0a4367-7b5d-4974-a4d5-9d403623153d/ENCFF383BUV.bigWig?sv=2019-10-10&si=prod&sr=c&sig=9qSQZo4ggrCNpybBExU8SypuUZV33igI11xw0P7rB3c%3D	ENCODE4 v1.2.1 mm10 M21	released			
ENCFF996HMC	bigWig	bigWig		signal of unique reads	mm10	ENCSR611PTP	polyA plus RNA-seq	/mouse-donors/ENCDO956IXV/	UBERON:0002107	liver	tissue	Mus musculus											polyadenylated mRNA		Ambion mirVana			unstranded	2015-10-13	ENCODE		chemical (Nextera tagmentation)	>200	2	2_1							/files/ENCFF683TTX/, /files/mm10_no_alt.chrom.sizes/	124264383	ENCODE Processing Pipeline	315bad6119310de05e10c28fa5dc2a44		https://www.encodeproject.org/files/ENCFF996HMC/@@download/ENCFF996HMC.bigWig	M21			released	s3://encode-public/2021/03/15/7ab4e27b-0480-4f1c-b7a4-6a1f929d919b/ENCFF996HMC.bigWig	https://datasetencode.blob.core.windows.net/dataset/2021/03/15/7ab4e27b-0480-4f1c-b7a4-6a1f929d919b/ENCFF996HMC.bigWig?sv=2019-10-10&si=prod&sr=c&sig=9qSQZo4ggrCNpybBExU8SypuUZV33igI11xw0P7rB3c%3D	ENCODE4 v1.2.1 mm10 M21	released			
ENCFF979TLF	tsv	tsv		gene quantifications	mm10	ENCSR611PTP	polyA plus RNA-seq	/mouse-donors/ENCDO956IXV/	UBERON:0002107	liver	tissue	Mus musculus											polyadenylated mRNA		Ambion mirVana			unstranded	2015-10-13	ENCODE		chemical (Nextera tagmentation)	>200	2	2_1							/files/ENCFF634DHY/, /files/ENCFF363TFV/	11909615	ENCODE Processing Pipeline	8fd60eb0709a111c9da00329a95a8c71		https://www.encodeproject.org/files/ENCFF979TLF/@@download/ENCFF979TLF.tsv	M21			released	s3://encode-public/2021/03/15/c0a21902-b9a6-488a-b49b-d66fec184feb/ENCFF979TLF.tsv	https://datasetencode.blob.core.windows.net/dataset/2021/03/15/c0a21902-b9a6-488a-b49b-d66fec184feb/ENCFF979TLF.tsv?sv=2019-10-10&si=prod&sr=c&sig=9qSQZo4ggrCNpybBExU8SypuUZV33igI11xw0P7rB3c%3D	ENCODE4 v1.2.1 mm10 M21	released			
ENCFF406BLP	tsv	tsv		gene quantifications	mm10	ENCSR538WYL	polyA plus RNA-seq	/mouse-donors/ENCDO956IXV/	UBERON:0012314	embryonic facial prominence	tissue	Mus musculus											polyadenylated mRNA		Ambion mirVana			unstranded	2015-10-13	ENCODE		chemical (Nextera tagmentation)	>200	1	1_1							/files/ENCFF363TFV/, /files/ENCFF346SKI/	11881049	ENCODE Processing Pipeline	a15464f22a979a93c8d8d411d2070551		https://www.encodeproject.org/files/ENCFF406BLP/@@download/ENCFF406BLP.tsv	M21			released	s3://encode-public/2021/03/15/10a3aa40-a48b-41b4-8342-221468afbd1d/ENCFF406BLP.tsv	https://datasetencode.blob.core.windows.net/dataset/2021/03/15/10a3aa40-a48b-41b4-8342-221468afbd1d/ENCFF406BLP.tsv?sv=2019-10-10&si=prod&sr=c&sig=9qSQZo4ggrCNpybBExU8SypuUZV33igI11xw0P7rB3c%3D	ENCODE4 v1.2.1 mm10 M21	released			
ENCFF222WST	bigWig	bigWig		signal of unique reads	mm10	ENCSR538WYL	polyA plus RNA-seq	/mouse-donors/ENCDO956IXV/	UBERON:0012314	embryonic facial prominence	tissue	Mus musculus											polyadenylated mRNA		Ambion mirVana			unstranded	2015-10-13	ENCODE		chemical (Nextera tagmentation)	>200	1	1_1							/files/ENCFF777TMP/, /files/mm10_no_alt.chrom.sizes/	171119348	ENCODE Processing Pipeline	ef13a3d5f009d74f13a1a3915a43436c		https://www.encodeproject.org/files/ENCFF222WST/@@download/ENCFF222WST.bigWig	M21			released	s3://encode-public/2021/03/15/db0b4461-825b-45ff-9b1b-e37943982c5b/ENCFF222WST.bigWig	https://datasetencode.blob.core.windows.net/dataset/2021/03/15/db0b4461-825b-45ff-9b1b-e37943982c5b/ENCFF222WST.bigWig?sv=2019-10-10&si=prod&sr=c&sig=9qSQZo4ggrCNpybBExU8SypuUZV33igI11xw0P7rB3c%3D	ENCODE4 v1.2.1 mm10 M21	released			
ENCFF078POD	bigWig	bigWig		signal of unique reads	mm10	ENCSR943LKA	polyA plus RNA-seq	/mouse-donors/ENCDO956IXV/	UBERON:0002028	hindbrain	tissue	Mus musculus											polyadenylated mRNA		Ambion mirVana			unstranded	2016-08-11	ENCODE		chemical (Nextera tagmentation)	>200	1	1_1							/files/mm10_no_alt.chrom.sizes/, /files/ENCFF400ONZ/	174492246	ENCODE Processing Pipeline	68ed392292c5504fd67c5bec2f4107c4		https://www.encodeproject.org/files/ENCFF078POD/@@download/ENCFF078POD.bigWig	M21			released	s3://encode-public/2021/03/24/2fb35f10-1d60-435f-8cae-74de8b5b6531/ENCFF078POD.bigWig	https://datasetencode.blob.core.windows.net/dataset/2021/03/24/2fb35f10-1d60-435f-8cae-74de8b5b6531/ENCFF078POD.bigWig?sv=2019-10-10&si=prod&sr=c&sig=9qSQZo4ggrCNpybBExU8SypuUZV33igI11xw0P7rB3c%3D	ENCODE4 v1.2.1 mm10 M21	released			
ENCFF997ZPU	tsv	tsv		gene quantifications	mm10	ENCSR943LKA	polyA plus RNA-seq	/mouse-donors/ENCDO956IXV/	UBERON:0002028	hindbrain	tissue	Mus musculus											polyadenylated mRNA		Ambion mirVana			unstranded	2016-08-11	ENCODE		chemical (Nextera tagmentation)	>200	1	1_1							/files/ENCFF781WWD/, /files/ENCFF363TFV/	11897607	ENCODE Processing Pipeline	a5771420dea63cfa72f833f5b01f5840		https://www.encodeproject.org/files/ENCFF997ZPU/@@download/ENCFF997ZPU.tsv	M21			released	s3://encode-public/2021/03/24/c82c648d-0885-4232-9a93-f9444e4ce2f2/ENCFF997ZPU.tsv	https://datasetencode.blob.core.windows.net/dataset/2021/03/24/c82c648d-0885-4232-9a93-f9444e4ce2f2/ENCFF997ZPU.tsv?sv=2019-10-10&si=prod&sr=c&sig=9qSQZo4ggrCNpybBExU8SypuUZV33igI11xw0P7rB3c%3D	ENCODE4 v1.2.1 mm10 M21	released			
ENCFF576XQC	bigWig	bigWig		signal of unique reads	mm10	ENCSR932TRU	polyA plus RNA-seq	/mouse-donors/ENCDO956IXV/	UBERON:0000160	intestine	tissue	Mus musculus											polyadenylated mRNA		Ambion mirVana			unstranded	2014-12-17	ENCODE		chemical (Nextera tagmentation)	>200	2	2_1							/files/ENCFF158GQD/, /files/mm10_no_alt.chrom.sizes/	170973210	ENCODE Processing Pipeline	0c74d5fdf351f6fa6bbdec210cc5a1d2		https://www.encodeproject.org/files/ENCFF576XQC/@@download/ENCFF576XQC.bigWig	M21			released	s3://encode-public/2021/03/24/005d6283-3b21-4903-8ced-81108ad7d7b2/ENCFF576XQC.bigWig	https://datasetencode.blob.core.windows.net/dataset/2021/03/24/005d6283-3b21-4903-8ced-81108ad7d7b2/ENCFF576XQC.bigWig?sv=2019-10-10&si=prod&sr=c&sig=9qSQZo4ggrCNpybBExU8SypuUZV33igI11xw0P7rB3c%3D	ENCODE4 v1.2.1 mm10 M21	released			
ENCFF609AAY	tsv	tsv		gene quantifications	mm10	ENCSR932TRU	polyA plus RNA-seq	/mouse-donors/ENCDO956IXV/	UBERON:0000160	intestine	tissue	Mus musculus											polyadenylated mRNA		Ambion mirVana			unstranded	2014-12-17	ENCODE		chemical (Nextera tagmentation)	>200	2	2_1							/files/ENCFF363TFV/, /files/ENCFF836KKF/	11887980	ENCODE Processing Pipeline	3d6d40ba292fbd32894ad9b4fe526b19		https://www.encodeproject.org/files/ENCFF609AAY/@@download/ENCFF609AAY.tsv	M21			released	s3://encode-public/2021/03/24/5ab80669-6c54-4497-83d5-03ddf01904b6/ENCFF609AAY.tsv	https://datasetencode.blob.core.windows.net/dataset/2021/03/24/5ab80669-6c54-4497-83d5-03ddf01904b6/ENCFF609AAY.tsv?sv=2019-10-10&si=prod&sr=c&sig=9qSQZo4ggrCNpybBExU8SypuUZV33igI11xw0P7rB3c%3D	ENCODE4 v1.2.1 mm10 M21	released			
ENCFF921TZJ	bigWig	bigWig		signal of unique reads	mm10	ENCSR597UZW	polyA plus RNA-seq	/mouse-donors/ENCDO956IXV/	UBERON:0000948	heart	tissue	Mus musculus											polyadenylated mRNA		Ambion mirVana			unstranded	2015-10-13	ENCODE		chemical (Nextera tagmentation)	>200	1	1_1							/files/ENCFF928ETD/, /files/mm10_no_alt.chrom.sizes/	160204692	ENCODE Processing Pipeline	317d35665bc4573b55787e7224fca2cc		https://www.encodeproject.org/files/ENCFF921TZJ/@@download/ENCFF921TZJ.bigWig	M21			released	s3://encode-public/2021/03/15/328c4c4e-11bd-4b19-a339-d0beb8cf0b29/ENCFF921TZJ.bigWig	https://datasetencode.blob.core.windows.net/dataset/2021/03/15/328c4c4e-11bd-4b19-a339-d0beb8cf0b29/ENCFF921TZJ.bigWig?sv=2019-10-10&si=prod&sr=c&sig=9qSQZo4ggrCNpybBExU8SypuUZV33igI11xw0P7rB3c%3D	ENCODE4 v1.2.1 mm10 M21	released			
ENCFF868TGE	tsv	tsv		gene quantifications	mm10	ENCSR597UZW	polyA plus RNA-seq	/mouse-donors/ENCDO956IXV/	UBERON:0000948	heart	tissue	Mus musculus											polyadenylated mRNA		Ambion mirVana			unstranded	2015-10-13	ENCODE		chemical (Nextera tagmentation)	>200	1	1_1							/files/ENCFF807GIW/, /files/ENCFF363TFV/	11899067	ENCODE Processing Pipeline	f247dbab885bb09469e1844d9b99fcd9		https://www.encodeproject.org/files/ENCFF868TGE/@@download/ENCFF868TGE.tsv	M21			released	s3://encode-public/2021/03/15/ce2d59e6-f52b-4ff0-8e9b-56ac1106e508/ENCFF868TGE.tsv	https://datasetencode.blob.core.windows.net/dataset/2021/03/15/ce2d59e6-f52b-4ff0-8e9b-56ac1106e508/ENCFF868TGE.tsv?sv=2019-10-10&si=prod&sr=c&sig=9qSQZo4ggrCNpybBExU8SypuUZV33igI11xw0P7rB3c%3D	ENCODE4 v1.2.1 mm10 M21	released			
ENCFF224MAK	bigWig	bigWig		signal of unique reads	mm10	ENCSR457RRW	polyA plus RNA-seq	/mouse-donors/ENCDO956IXV/	UBERON:0002048	lung	tissue	Mus musculus											polyadenylated mRNA		Ambion mirVana			unstranded	2015-10-13	ENCODE		chemical (Nextera tagmentation)	>200	1	1_1							/files/ENCFF653RJL/, /files/mm10_no_alt.chrom.sizes/	178360290	ENCODE Processing Pipeline	6a18a07a8ec46993b5cf423f1aa5f18a		https://www.encodeproject.org/files/ENCFF224MAK/@@download/ENCFF224MAK.bigWig	M21			released	s3://encode-public/2021/03/15/49e588ec-dc16-4ec4-aabd-7712db925192/ENCFF224MAK.bigWig	https://datasetencode.blob.core.windows.net/dataset/2021/03/15/49e588ec-dc16-4ec4-aabd-7712db925192/ENCFF224MAK.bigWig?sv=2019-10-10&si=prod&sr=c&sig=9qSQZo4ggrCNpybBExU8SypuUZV33igI11xw0P7rB3c%3D	ENCODE4 v1.2.1 mm10 M21	released			
ENCFF633HRL	tsv	tsv		gene quantifications	mm10	ENCSR457RRW	polyA plus RNA-seq	/mouse-donors/ENCDO956IXV/	UBERON:0002048	lung	tissue	Mus musculus											polyadenylated mRNA		Ambion mirVana			unstranded	2015-10-13	ENCODE		chemical (Nextera tagmentation)	>200	1	1_1							/files/ENCFF363TFV/, /files/ENCFF083ECT/	11897887	ENCODE Processing Pipeline	9b57019b44f0acb342c0d60b4948200b		https://www.encodeproject.org/files/ENCFF633HRL/@@download/ENCFF633HRL.tsv	M21			released	s3://encode-public/2021/03/15/ec2623ed-0294-4c58-bb21-2345890e3b6a/ENCFF633HRL.tsv	https://datasetencode.blob.core.windows.net/dataset/2021/03/15/ec2623ed-0294-4c58-bb21-2345890e3b6a/ENCFF633HRL.tsv?sv=2019-10-10&si=prod&sr=c&sig=9qSQZo4ggrCNpybBExU8SypuUZV33igI11xw0P7rB3c%3D	ENCODE4 v1.2.1 mm10 M21	released			
ENCFF538OJZ	bigWig	bigWig		signal of unique reads	mm10	ENCSR946HWC	polyA plus RNA-seq	/mouse-donors/ENCDO956IXV/	UBERON:0001134	skeletal muscle tissue	tissue	Mus musculus											polyadenylated mRNA		Ambion mirVana			unstranded	2015-06-23	ENCODE		chemical (Nextera tagmentation)	>200	1	1_1							/files/mm10_no_alt.chrom.sizes/, /files/ENCFF106FLX/	124905813	ENCODE Processing Pipeline	bbe445c58973febbaa521c3b76869e1c		https://www.encodeproject.org/files/ENCFF538OJZ/@@download/ENCFF538OJZ.bigWig	M21			released	s3://encode-public/2021/03/24/5216ec9b-a07c-4eea-a5d9-e7995a6f2645/ENCFF538OJZ.bigWig	https://datasetencode.blob.core.windows.net/dataset/2021/03/24/5216ec9b-a07c-4eea-a5d9-e7995a6f2645/ENCFF538OJZ.bigWig?sv=2019-10-10&si=prod&sr=c&sig=9qSQZo4ggrCNpybBExU8SypuUZV33igI11xw0P7rB3c%3D	ENCODE4 v1.2.1 mm10 M21	released			
ENCFF821NZN	tsv	tsv		gene quantifications	mm10	ENCSR946HWC	polyA plus RNA-seq	/mouse-donors/ENCDO956IXV/	UBERON:0001134	skeletal muscle tissue	tissue	Mus musculus											polyadenylated mRNA		Ambion mirVana			unstranded	2015-06-23	ENCODE		chemical (Nextera tagmentation)	>200	1	1_1							/files/ENCFF331QEB/, /files/ENCFF363TFV/	11894524	ENCODE Processing Pipeline	30d9b2d4094105cf063cd19f18bbc9fe		https://www.encodeproject.org/files/ENCFF821NZN/@@download/ENCFF821NZN.tsv	M21			released	s3://encode-public/2021/03/24/dee792e1-5e6c-48fd-827f-c31995d8f3f3/ENCFF821NZN.tsv	https://datasetencode.blob.core.windows.net/dataset/2021/03/24/dee792e1-5e6c-48fd-827f-c31995d8f3f3/ENCFF821NZN.tsv?sv=2019-10-10&si=prod&sr=c&sig=9qSQZo4ggrCNpybBExU8SypuUZV33igI11xw0P7rB3c%3D	ENCODE4 v1.2.1 mm10 M21	released			
ENCFF715GSS	bigWig	bigWig		signal of unique reads	mm10	ENCSR049UJU	polyA plus RNA-seq	/mouse-donors/ENCDO956IXV/	UBERON:0000948	heart	tissue	Mus musculus											polyadenylated mRNA		Ambion mirVana			unstranded	2016-08-11	ENCODE		chemical (Nextera tagmentation)	>200	1	1_1							/files/ENCFF719HZQ/, /files/mm10_no_alt.chrom.sizes/	187140262	ENCODE Processing Pipeline	3c05ab9513215b521a5ce543f5786af3		https://www.encodeproject.org/files/ENCFF715GSS/@@download/ENCFF715GSS.bigWig	M21			released	s3://encode-public/2021/03/15/1ff02367-f1dc-435c-9934-c382e362a2fb/ENCFF715GSS.bigWig	https://datasetencode.blob.core.windows.net/dataset/2021/03/15/1ff02367-f1dc-435c-9934-c382e362a2fb/ENCFF715GSS.bigWig?sv=2019-10-10&si=prod&sr=c&sig=9qSQZo4ggrCNpybBExU8SypuUZV33igI11xw0P7rB3c%3D	ENCODE4 v1.2.1 mm10 M21	released			
ENCFF770SOB	tsv	tsv		gene quantifications	mm10	ENCSR049UJU	polyA plus RNA-seq	/mouse-donors/ENCDO956IXV/	UBERON:0000948	heart	tissue	Mus musculus											polyadenylated mRNA		Ambion mirVana			unstranded	2016-08-11	ENCODE		chemical (Nextera tagmentation)	>200	1	1_1							/files/ENCFF273SHI/, /files/ENCFF363TFV/	11902216	ENCODE Processing Pipeline	d6062117eac2d7b0798a01d1c54995da		https://www.encodeproject.org/files/ENCFF770SOB/@@download/ENCFF770SOB.tsv	M21			released	s3://encode-public/2021/03/15/8bb9a4c3-6760-4f4f-ac03-f6d82b4654d8/ENCFF770SOB.tsv	https://datasetencode.blob.core.windows.net/dataset/2021/03/15/8bb9a4c3-6760-4f4f-ac03-f6d82b4654d8/ENCFF770SOB.tsv?sv=2019-10-10&si=prod&sr=c&sig=9qSQZo4ggrCNpybBExU8SypuUZV33igI11xw0P7rB3c%3D	ENCODE4 v1.2.1 mm10 M21	released			
ENCFF159DWP	tsv	tsv		gene quantifications	mm10	ENCSR691OPQ	polyA plus RNA-seq	/mouse-donors/ENCDO956IXV/	UBERON:0000948	heart	tissue	Mus musculus											polyadenylated mRNA		Ambion mirVana			unstranded	2014-11-20	ENCODE		chemical (Nextera tagmentation)	>200	1	1_1							/files/ENCFF363TFV/, /files/ENCFF440CJB/	11893961	ENCODE Processing Pipeline	b80a13c550966b2cf2960c8fd3a0706e		https://www.encodeproject.org/files/ENCFF159DWP/@@download/ENCFF159DWP.tsv	M21			released	s3://encode-public/2021/03/15/ee5b0539-a40d-44e4-9cc2-86a783d92883/ENCFF159DWP.tsv	https://datasetencode.blob.core.windows.net/dataset/2021/03/15/ee5b0539-a40d-44e4-9cc2-86a783d92883/ENCFF159DWP.tsv?sv=2019-10-10&si=prod&sr=c&sig=9qSQZo4ggrCNpybBExU8SypuUZV33igI11xw0P7rB3c%3D	ENCODE4 v1.2.1 mm10 M21	released			
ENCFF815URA	bigWig	bigWig		signal of unique reads	mm10	ENCSR691OPQ	polyA plus RNA-seq	/mouse-donors/ENCDO956IXV/	UBERON:0000948	heart	tissue	Mus musculus											polyadenylated mRNA		Ambion mirVana			unstranded	2014-11-20	ENCODE		chemical (Nextera tagmentation)	>200	1	1_1							/files/mm10_no_alt.chrom.sizes/, /files/ENCFF077ZPD/	165163259	ENCODE Processing Pipeline	79f1182b9ce261f06e5ce51f66d8b6ad		https://www.encodeproject.org/files/ENCFF815URA/@@download/ENCFF815URA.bigWig	M21			released	s3://encode-public/2021/03/15/811f8f64-4bc5-4643-b137-81b0b7822bb6/ENCFF815URA.bigWig	https://datasetencode.blob.core.windows.net/dataset/2021/03/15/811f8f64-4bc5-4643-b137-81b0b7822bb6/ENCFF815URA.bigWig?sv=2019-10-10&si=prod&sr=c&sig=9qSQZo4ggrCNpybBExU8SypuUZV33igI11xw0P7rB3c%3D	ENCODE4 v1.2.1 mm10 M21	released			
ENCFF889VIN	tsv	tsv		gene quantifications	mm10	ENCSR968QHO	polyA plus RNA-seq	/mouse-donors/ENCDO956IXV/	UBERON:0002101	limb	tissue	Mus musculus											polyadenylated mRNA		Ambion mirVana			unstranded	2016-08-11	ENCODE		chemical (Nextera tagmentation)	>200	2	2_1							/files/ENCFF363TFV/, /files/ENCFF436AZF/	11902118	ENCODE Processing Pipeline	b6e0f5a1d7de896bf35c7c6a38c213c8		https://www.encodeproject.org/files/ENCFF889VIN/@@download/ENCFF889VIN.tsv	M21			released	s3://encode-public/2021/03/24/3c666485-c607-4256-a5ce-33c1f4dbf571/ENCFF889VIN.tsv	https://datasetencode.blob.core.windows.net/dataset/2021/03/24/3c666485-c607-4256-a5ce-33c1f4dbf571/ENCFF889VIN.tsv?sv=2019-10-10&si=prod&sr=c&sig=9qSQZo4ggrCNpybBExU8SypuUZV33igI11xw0P7rB3c%3D	ENCODE4 v1.2.1 mm10 M21	released			
ENCFF333AEH	bigWig	bigWig		signal of unique reads	mm10	ENCSR968QHO	polyA plus RNA-seq	/mouse-donors/ENCDO956IXV/	UBERON:0002101	limb	tissue	Mus musculus											polyadenylated mRNA		Ambion mirVana			unstranded	2016-08-11	ENCODE		chemical (Nextera tagmentation)	>200	2	2_1							/files/mm10_no_alt.chrom.sizes/, /files/ENCFF856OAC/	191201930	ENCODE Processing Pipeline	ec85c5293db19c1a2cb1b5904a04c1c4		https://www.encodeproject.org/files/ENCFF333AEH/@@download/ENCFF333AEH.bigWig	M21			released	s3://encode-public/2021/03/24/64c73c35-5cda-49e1-b68f-05fcc5f37979/ENCFF333AEH.bigWig	https://datasetencode.blob.core.windows.net/dataset/2021/03/24/64c73c35-5cda-49e1-b68f-05fcc5f37979/ENCFF333AEH.bigWig?sv=2019-10-10&si=prod&sr=c&sig=9qSQZo4ggrCNpybBExU8SypuUZV33igI11xw0P7rB3c%3D	ENCODE4 v1.2.1 mm10 M21	released			
ENCFF336RLJ	bigWig	bigWig		plus strand signal of unique reads	mm10	ENCSR554PHF	polyA plus RNA-seq	/mouse-donors/ENCDO072AAA/	UBERON:0000955	brain	tissue	Mus musculus											polyadenylated mRNA		RNeasy Lipid Tissue Mini Kit (QIAGEN cat#74804)			reverse	2015-01-08	ENCODE		chemical (Illumina TruSeq)	350-450	1	1_2							/files/ENCFF275BPC/, /files/mm10_no_alt.chrom.sizes/	79975196	ENCODE Processing Pipeline	90fd1e1e7d03afeb07930c50a0f0b2c7		https://www.encodeproject.org/files/ENCFF336RLJ/@@download/ENCFF336RLJ.bigWig	M21			released	s3://encode-public/2021/04/17/fec4e8c6-0892-4c39-9b36-91a59562f9d7/ENCFF336RLJ.bigWig	https://datasetencode.blob.core.windows.net/dataset/2021/04/17/fec4e8c6-0892-4c39-9b36-91a59562f9d7/ENCFF336RLJ.bigWig?sv=2019-10-10&si=prod&sr=c&sig=9qSQZo4ggrCNpybBExU8SypuUZV33igI11xw0P7rB3c%3D	ENCODE4 v1.2.3 mm10 M21	released	low read depth, low replicate concordance		
ENCFF227JND	bigWig	bigWig		minus strand signal of unique reads	mm10	ENCSR554PHF	polyA plus RNA-seq	/mouse-donors/ENCDO072AAA/	UBERON:0000955	brain	tissue	Mus musculus											polyadenylated mRNA		RNeasy Lipid Tissue Mini Kit (QIAGEN cat#74804)			reverse	2015-01-08	ENCODE		chemical (Illumina TruSeq)	350-450	1	1_2							/files/ENCFF275BPC/, /files/mm10_no_alt.chrom.sizes/	78780913	ENCODE Processing Pipeline	4dfc67bb9d51c8e339072549026c1953		https://www.encodeproject.org/files/ENCFF227JND/@@download/ENCFF227JND.bigWig	M21			released	s3://encode-public/2021/04/17/70e7521c-afc8-4edc-9a0b-f47c2b170818/ENCFF227JND.bigWig	https://datasetencode.blob.core.windows.net/dataset/2021/04/17/70e7521c-afc8-4edc-9a0b-f47c2b170818/ENCFF227JND.bigWig?sv=2019-10-10&si=prod&sr=c&sig=9qSQZo4ggrCNpybBExU8SypuUZV33igI11xw0P7rB3c%3D	ENCODE4 v1.2.3 mm10 M21	released	low read depth, low replicate concordance		
ENCFF468CXD	tsv	tsv		gene quantifications	mm10	ENCSR554PHF	polyA plus RNA-seq	/mouse-donors/ENCDO072AAA/	UBERON:0000955	brain	tissue	Mus musculus											polyadenylated mRNA		RNeasy Lipid Tissue Mini Kit (QIAGEN cat#74804)			reverse	2015-01-08	ENCODE		chemical (Illumina TruSeq)	350-450	1	1_2							/files/ENCFF363TFV/, /files/ENCFF211KQL/	11782145	ENCODE Processing Pipeline	97f0b6d684db483d4ea1d30f0fd50ceb		https://www.encodeproject.org/files/ENCFF468CXD/@@download/ENCFF468CXD.tsv	M21			released	s3://encode-public/2021/04/17/72951a48-b1a2-49b5-8406-9b2cf8142587/ENCFF468CXD.tsv	https://datasetencode.blob.core.windows.net/dataset/2021/04/17/72951a48-b1a2-49b5-8406-9b2cf8142587/ENCFF468CXD.tsv?sv=2019-10-10&si=prod&sr=c&sig=9qSQZo4ggrCNpybBExU8SypuUZV33igI11xw0P7rB3c%3D	ENCODE4 v1.2.3 mm10 M21	released	low read depth, low replicate concordance		
ENCFF751FBV	bigWig	bigWig		signal of unique reads	mm10	ENCSR851HEC	polyA plus RNA-seq	/mouse-donors/ENCDO956IXV/	UBERON:0012314	embryonic facial prominence	tissue	Mus musculus											polyadenylated mRNA		Ambion mirVana			unstranded	2016-05-03	ENCODE		chemical (Nextera tagmentation)	>200	2	2_1							/files/mm10_no_alt.chrom.sizes/, /files/ENCFF172PAW/	214002841	ENCODE Processing Pipeline	83d560857d06a1d83fc72883f19bb632		https://www.encodeproject.org/files/ENCFF751FBV/@@download/ENCFF751FBV.bigWig	M21			released	s3://encode-public/2021/03/24/5555b174-18ac-466f-813f-22aeb9167964/ENCFF751FBV.bigWig	https://datasetencode.blob.core.windows.net/dataset/2021/03/24/5555b174-18ac-466f-813f-22aeb9167964/ENCFF751FBV.bigWig?sv=2019-10-10&si=prod&sr=c&sig=9qSQZo4ggrCNpybBExU8SypuUZV33igI11xw0P7rB3c%3D	ENCODE4 v1.2.1 mm10 M21	released			
ENCFF908DRV	tsv	tsv		gene quantifications	mm10	ENCSR851HEC	polyA plus RNA-seq	/mouse-donors/ENCDO956IXV/	UBERON:0012314	embryonic facial prominence	tissue	Mus musculus											polyadenylated mRNA		Ambion mirVana			unstranded	2016-05-03	ENCODE		chemical (Nextera tagmentation)	>200	2	2_1							/files/ENCFF363TFV/, /files/ENCFF010YDV/	11893022	ENCODE Processing Pipeline	3a99ec0231758dd3f88cd34954b57199		https://www.encodeproject.org/files/ENCFF908DRV/@@download/ENCFF908DRV.tsv	M21			released	s3://encode-public/2021/03/24/8f04b7b4-14b4-4cd4-968f-392c5e09447c/ENCFF908DRV.tsv	https://datasetencode.blob.core.windows.net/dataset/2021/03/24/8f04b7b4-14b4-4cd4-968f-392c5e09447c/ENCFF908DRV.tsv?sv=2019-10-10&si=prod&sr=c&sig=9qSQZo4ggrCNpybBExU8SypuUZV33igI11xw0P7rB3c%3D	ENCODE4 v1.2.1 mm10 M21	released			
ENCFF390KUZ	bigWig	bigWig		signal of unique reads	mm10	ENCSR636CWO	polyA plus RNA-seq	/mouse-donors/ENCDO956IXV/	UBERON:0012314	embryonic facial prominence	tissue	Mus musculus											polyadenylated mRNA		Ambion mirVana			unstranded	2015-10-13	ENCODE		chemical (Nextera tagmentation)	>200	2	2_1							/files/mm10_no_alt.chrom.sizes/, /files/ENCFF023PUP/	180188386	ENCODE Processing Pipeline	38883de69e322514a82028bb8040dd9b		https://www.encodeproject.org/files/ENCFF390KUZ/@@download/ENCFF390KUZ.bigWig	M21			released	s3://encode-public/2021/03/15/98879931-1ddc-49f0-ad9c-040957744fda/ENCFF390KUZ.bigWig	https://datasetencode.blob.core.windows.net/dataset/2021/03/15/98879931-1ddc-49f0-ad9c-040957744fda/ENCFF390KUZ.bigWig?sv=2019-10-10&si=prod&sr=c&sig=9qSQZo4ggrCNpybBExU8SypuUZV33igI11xw0P7rB3c%3D	ENCODE4 v1.2.1 mm10 M21	released			
ENCFF745ACD	tsv	tsv		gene quantifications	mm10	ENCSR636CWO	polyA plus RNA-seq	/mouse-donors/ENCDO956IXV/	UBERON:0012314	embryonic facial prominence	tissue	Mus musculus											polyadenylated mRNA		Ambion mirVana			unstranded	2015-10-13	ENCODE		chemical (Nextera tagmentation)	>200	2	2_1							/files/ENCFF363TFV/, /files/ENCFF205AIE/	11889337	ENCODE Processing Pipeline	eb59fbb06f1afe83d6bddb18e9570768		https://www.encodeproject.org/files/ENCFF745ACD/@@download/ENCFF745ACD.tsv	M21			released	s3://encode-public/2021/03/15/46e670e5-657f-4543-b8e6-53f2e1c5c6b1/ENCFF745ACD.tsv	https://datasetencode.blob.core.windows.net/dataset/2021/03/15/46e670e5-657f-4543-b8e6-53f2e1c5c6b1/ENCFF745ACD.tsv?sv=2019-10-10&si=prod&sr=c&sig=9qSQZo4ggrCNpybBExU8SypuUZV33igI11xw0P7rB3c%3D	ENCODE4 v1.2.1 mm10 M21	released			
ENCFF540ERL	tsv	tsv		gene quantifications	mm10	ENCSR370SFB	polyA plus RNA-seq	/mouse-donors/ENCDO956IXV/	UBERON:0000160	intestine	tissue	Mus musculus											polyadenylated mRNA		Ambion mirVana			unstranded	2015-10-13	ENCODE		chemical (Nextera tagmentation)	>200	2	2_1							/files/ENCFF363TFV/, /files/ENCFF739YEN/	11898607	ENCODE Processing Pipeline	634fc1f74152973ca213529150e09ba8		https://www.encodeproject.org/files/ENCFF540ERL/@@download/ENCFF540ERL.tsv	M21			released	s3://encode-public/2021/03/15/1851675d-3175-4628-9cd0-39c96dea88f2/ENCFF540ERL.tsv	https://datasetencode.blob.core.windows.net/dataset/2021/03/15/1851675d-3175-4628-9cd0-39c96dea88f2/ENCFF540ERL.tsv?sv=2019-10-10&si=prod&sr=c&sig=9qSQZo4ggrCNpybBExU8SypuUZV33igI11xw0P7rB3c%3D	ENCODE4 v1.2.1 mm10 M21	released			
ENCFF983MXD	bigWig	bigWig		signal of unique reads	mm10	ENCSR370SFB	polyA plus RNA-seq	/mouse-donors/ENCDO956IXV/	UBERON:0000160	intestine	tissue	Mus musculus											polyadenylated mRNA		Ambion mirVana			unstranded	2015-10-13	ENCODE		chemical (Nextera tagmentation)	>200	2	2_1							/files/mm10_no_alt.chrom.sizes/, /files/ENCFF917NAG/	168403296	ENCODE Processing Pipeline	4fe2876647b237387edfe99ca9b863f4		https://www.encodeproject.org/files/ENCFF983MXD/@@download/ENCFF983MXD.bigWig	M21			released	s3://encode-public/2021/03/15/a1578feb-913e-4fa5-9d91-43bbd3299566/ENCFF983MXD.bigWig	https://datasetencode.blob.core.windows.net/dataset/2021/03/15/a1578feb-913e-4fa5-9d91-43bbd3299566/ENCFF983MXD.bigWig?sv=2019-10-10&si=prod&sr=c&sig=9qSQZo4ggrCNpybBExU8SypuUZV33igI11xw0P7rB3c%3D	ENCODE4 v1.2.1 mm10 M21	released			
ENCFF858ZON	tsv	tsv		gene quantifications	mm10	ENCSR285WZV	polyA plus RNA-seq	/mouse-donors/ENCDO956IXV/	UBERON:0002028	hindbrain	tissue	Mus musculus											polyadenylated mRNA		Ambion mirVana			unstranded	2015-10-13	ENCODE		chemical (Nextera tagmentation)	>200	2	2_1							/files/ENCFF785HYU/, /files/ENCFF363TFV/	11891849	ENCODE Processing Pipeline	d4bf27b54f0a5a26deb55c60a161159f		https://www.encodeproject.org/files/ENCFF858ZON/@@download/ENCFF858ZON.tsv	M21			released	s3://encode-public/2021/03/15/fd34867f-0054-4d4a-b2a7-a66a57e9d29a/ENCFF858ZON.tsv	https://datasetencode.blob.core.windows.net/dataset/2021/03/15/fd34867f-0054-4d4a-b2a7-a66a57e9d29a/ENCFF858ZON.tsv?sv=2019-10-10&si=prod&sr=c&sig=9qSQZo4ggrCNpybBExU8SypuUZV33igI11xw0P7rB3c%3D	ENCODE4 v1.2.1 mm10 M21	released			
ENCFF162SRI	bigWig	bigWig		signal of unique reads	mm10	ENCSR285WZV	polyA plus RNA-seq	/mouse-donors/ENCDO956IXV/	UBERON:0002028	hindbrain	tissue	Mus musculus											polyadenylated mRNA		Ambion mirVana			unstranded	2015-10-13	ENCODE		chemical (Nextera tagmentation)	>200	2	2_1							/files/ENCFF605IXA/, /files/mm10_no_alt.chrom.sizes/	191060608	ENCODE Processing Pipeline	f71f13e29f2db8c7f862e3fd0e63b860		https://www.encodeproject.org/files/ENCFF162SRI/@@download/ENCFF162SRI.bigWig	M21			released	s3://encode-public/2021/03/15/c10799f8-cac6-45ba-a6a2-4b75ec09b733/ENCFF162SRI.bigWig	https://datasetencode.blob.core.windows.net/dataset/2021/03/15/c10799f8-cac6-45ba-a6a2-4b75ec09b733/ENCFF162SRI.bigWig?sv=2019-10-10&si=prod&sr=c&sig=9qSQZo4ggrCNpybBExU8SypuUZV33igI11xw0P7rB3c%3D	ENCODE4 v1.2.1 mm10 M21	released			
ENCFF343KWN	tsv	tsv		gene quantifications	mm10	ENCSR848HOX	polyA plus RNA-seq	/mouse-donors/ENCDO956IXV/	UBERON:0012314	embryonic facial prominence	tissue	Mus musculus											polyadenylated mRNA		Ambion mirVana			unstranded	2014-11-20	ENCODE		chemical (Nextera tagmentation)	>200	2	2_1							/files/ENCFF330PQD/, /files/ENCFF363TFV/	11889689	ENCODE Processing Pipeline	8e1c2f2b9c7ebd21134dcddc8b8eae8b		https://www.encodeproject.org/files/ENCFF343KWN/@@download/ENCFF343KWN.tsv	M21			released	s3://encode-public/2021/03/24/9356c2c5-cb32-45ee-89fb-f8635f3e5177/ENCFF343KWN.tsv	https://datasetencode.blob.core.windows.net/dataset/2021/03/24/9356c2c5-cb32-45ee-89fb-f8635f3e5177/ENCFF343KWN.tsv?sv=2019-10-10&si=prod&sr=c&sig=9qSQZo4ggrCNpybBExU8SypuUZV33igI11xw0P7rB3c%3D	ENCODE4 v1.2.1 mm10 M21	released			
ENCFF239LVM	bigWig	bigWig		signal of unique reads	mm10	ENCSR848HOX	polyA plus RNA-seq	/mouse-donors/ENCDO956IXV/	UBERON:0012314	embryonic facial prominence	tissue	Mus musculus											polyadenylated mRNA		Ambion mirVana			unstranded	2014-11-20	ENCODE		chemical (Nextera tagmentation)	>200	2	2_1							/files/ENCFF743FTS/, /files/mm10_no_alt.chrom.sizes/	121462413	ENCODE Processing Pipeline	ce7644e849867cf9d06f2e7fbb4231b3		https://www.encodeproject.org/files/ENCFF239LVM/@@download/ENCFF239LVM.bigWig	M21			released	s3://encode-public/2021/03/24/3774e59e-5cf4-4b25-9b21-24baf4a04346/ENCFF239LVM.bigWig	https://datasetencode.blob.core.windows.net/dataset/2021/03/24/3774e59e-5cf4-4b25-9b21-24baf4a04346/ENCFF239LVM.bigWig?sv=2019-10-10&si=prod&sr=c&sig=9qSQZo4ggrCNpybBExU8SypuUZV33igI11xw0P7rB3c%3D	ENCODE4 v1.2.1 mm10 M21	released			
ENCFF029UVS	tsv	tsv		gene quantifications	mm10	ENCSR080EVZ	polyA plus RNA-seq	/mouse-donors/ENCDO956IXV/	UBERON:0001890	forebrain	tissue	Mus musculus											polyadenylated mRNA		Ambion mirVana			unstranded	2015-10-13	ENCODE		chemical (Nextera tagmentation)	>200	1	1_1							/files/ENCFF661XUE/, /files/ENCFF363TFV/	11881374	ENCODE Processing Pipeline	953dd90f6bae1b5a24bf09997942de48		https://www.encodeproject.org/files/ENCFF029UVS/@@download/ENCFF029UVS.tsv	M21			released	s3://encode-public/2021/03/15/6cdb0dab-be65-40c8-a5bb-8ce450f19d15/ENCFF029UVS.tsv	https://datasetencode.blob.core.windows.net/dataset/2021/03/15/6cdb0dab-be65-40c8-a5bb-8ce450f19d15/ENCFF029UVS.tsv?sv=2019-10-10&si=prod&sr=c&sig=9qSQZo4ggrCNpybBExU8SypuUZV33igI11xw0P7rB3c%3D	ENCODE4 v1.2.1 mm10 M21	released			
ENCFF084ZJY	bigWig	bigWig		signal of unique reads	mm10	ENCSR080EVZ	polyA plus RNA-seq	/mouse-donors/ENCDO956IXV/	UBERON:0001890	forebrain	tissue	Mus musculus											polyadenylated mRNA		Ambion mirVana			unstranded	2015-10-13	ENCODE		chemical (Nextera tagmentation)	>200	1	1_1							/files/mm10_no_alt.chrom.sizes/, /files/ENCFF982DHB/	185625134	ENCODE Processing Pipeline	6defe629f5e54047e6e22f6243c03824		https://www.encodeproject.org/files/ENCFF084ZJY/@@download/ENCFF084ZJY.bigWig	M21			released	s3://encode-public/2021/03/15/f0f5eb5d-0f35-4f9f-89bc-1f8491fc60e7/ENCFF084ZJY.bigWig	https://datasetencode.blob.core.windows.net/dataset/2021/03/15/f0f5eb5d-0f35-4f9f-89bc-1f8491fc60e7/ENCFF084ZJY.bigWig?sv=2019-10-10&si=prod&sr=c&sig=9qSQZo4ggrCNpybBExU8SypuUZV33igI11xw0P7rB3c%3D	ENCODE4 v1.2.1 mm10 M21	released			
ENCFF604LEL	bigWig	bigWig		signal of unique reads	mm10	ENCSR752RGN	polyA plus RNA-seq	/mouse-donors/ENCDO956IXV/	UBERON:0001890	forebrain	tissue	Mus musculus											polyadenylated mRNA		Ambion mirVana			unstranded	2015-10-13	ENCODE		chemical (Nextera tagmentation)	>200	1	1_1							/files/mm10_no_alt.chrom.sizes/, /files/ENCFF757OFF/	200464140	ENCODE Processing Pipeline	8a8260a20ec0474bbd45996a7445c4d1		https://www.encodeproject.org/files/ENCFF604LEL/@@download/ENCFF604LEL.bigWig	M21			released	s3://encode-public/2021/03/15/06fcffe9-a0ca-4542-aba1-b01f5fbca015/ENCFF604LEL.bigWig	https://datasetencode.blob.core.windows.net/dataset/2021/03/15/06fcffe9-a0ca-4542-aba1-b01f5fbca015/ENCFF604LEL.bigWig?sv=2019-10-10&si=prod&sr=c&sig=9qSQZo4ggrCNpybBExU8SypuUZV33igI11xw0P7rB3c%3D	ENCODE4 v1.2.1 mm10 M21	released			
ENCFF080PBH	tsv	tsv		gene quantifications	mm10	ENCSR752RGN	polyA plus RNA-seq	/mouse-donors/ENCDO956IXV/	UBERON:0001890	forebrain	tissue	Mus musculus											polyadenylated mRNA		Ambion mirVana			unstranded	2015-10-13	ENCODE		chemical (Nextera tagmentation)	>200	1	1_1							/files/ENCFF363TFV/, /files/ENCFF912CUJ/	11891757	ENCODE Processing Pipeline	d9f8407dc23253e355301c47c83a41c4		https://www.encodeproject.org/files/ENCFF080PBH/@@download/ENCFF080PBH.tsv	M21			released	s3://encode-public/2021/03/15/e1e8a05d-0089-4400-a061-fd9f5fb4d670/ENCFF080PBH.tsv	https://datasetencode.blob.core.windows.net/dataset/2021/03/15/e1e8a05d-0089-4400-a061-fd9f5fb4d670/ENCFF080PBH.tsv?sv=2019-10-10&si=prod&sr=c&sig=9qSQZo4ggrCNpybBExU8SypuUZV33igI11xw0P7rB3c%3D	ENCODE4 v1.2.1 mm10 M21	released			
ENCFF611VKF	tsv	tsv		gene quantifications	mm10	ENCSR526SEX	polyA plus RNA-seq	/mouse-donors/ENCDO956IXV/	UBERON:0000948	heart	tissue	Mus musculus											polyadenylated mRNA		Ambion mirVana			unstranded	2015-06-23	ENCODE		chemical (Nextera tagmentation)	>200	1	1_1							/files/ENCFF363TFV/, /files/ENCFF862WLG/	11906198	ENCODE Processing Pipeline	18ea836e8de318fb70bc1c56f4ebf2f7		https://www.encodeproject.org/files/ENCFF611VKF/@@download/ENCFF611VKF.tsv	M21			released	s3://encode-public/2021/03/15/588e1305-6da4-48fc-9af1-18b182ba2e00/ENCFF611VKF.tsv	https://datasetencode.blob.core.windows.net/dataset/2021/03/15/588e1305-6da4-48fc-9af1-18b182ba2e00/ENCFF611VKF.tsv?sv=2019-10-10&si=prod&sr=c&sig=9qSQZo4ggrCNpybBExU8SypuUZV33igI11xw0P7rB3c%3D	ENCODE4 v1.2.1 mm10 M21	released			
ENCFF561IRA	bigWig	bigWig		signal of unique reads	mm10	ENCSR526SEX	polyA plus RNA-seq	/mouse-donors/ENCDO956IXV/	UBERON:0000948	heart	tissue	Mus musculus											polyadenylated mRNA		Ambion mirVana			unstranded	2015-06-23	ENCODE		chemical (Nextera tagmentation)	>200	1	1_1							/files/ENCFF604PRU/, /files/mm10_no_alt.chrom.sizes/	134666856	ENCODE Processing Pipeline	a6e55c01628919c4912f30cc6d70d41a		https://www.encodeproject.org/files/ENCFF561IRA/@@download/ENCFF561IRA.bigWig	M21			released	s3://encode-public/2021/03/15/b5258882-a71a-4a1b-80d2-aaa792d84a0b/ENCFF561IRA.bigWig	https://datasetencode.blob.core.windows.net/dataset/2021/03/15/b5258882-a71a-4a1b-80d2-aaa792d84a0b/ENCFF561IRA.bigWig?sv=2019-10-10&si=prod&sr=c&sig=9qSQZo4ggrCNpybBExU8SypuUZV33igI11xw0P7rB3c%3D	ENCODE4 v1.2.1 mm10 M21	released			
ENCFF233FWM	bigWig	bigWig		signal of unique reads	mm10	ENCSR401BSG	polyA plus RNA-seq	/mouse-donors/ENCDO956IXV/	UBERON:0002028	hindbrain	tissue	Mus musculus											polyadenylated mRNA		Ambion mirVana			unstranded	2015-10-13	ENCODE		chemical (Nextera tagmentation)	>200	2	2_1							/files/ENCFF549FTV/, /files/mm10_no_alt.chrom.sizes/	205912190	ENCODE Processing Pipeline	470e9346a5a1d5c605493a4123cc82fb		https://www.encodeproject.org/files/ENCFF233FWM/@@download/ENCFF233FWM.bigWig	M21			released	s3://encode-public/2021/03/15/580779b7-a86f-4f18-8803-5d8fe057e787/ENCFF233FWM.bigWig	https://datasetencode.blob.core.windows.net/dataset/2021/03/15/580779b7-a86f-4f18-8803-5d8fe057e787/ENCFF233FWM.bigWig?sv=2019-10-10&si=prod&sr=c&sig=9qSQZo4ggrCNpybBExU8SypuUZV33igI11xw0P7rB3c%3D	ENCODE4 v1.2.1 mm10 M21	released			
ENCFF804NPY	tsv	tsv		gene quantifications	mm10	ENCSR401BSG	polyA plus RNA-seq	/mouse-donors/ENCDO956IXV/	UBERON:0002028	hindbrain	tissue	Mus musculus											polyadenylated mRNA		Ambion mirVana			unstranded	2015-10-13	ENCODE		chemical (Nextera tagmentation)	>200	2	2_1							/files/ENCFF363TFV/, /files/ENCFF632JWK/	11896424	ENCODE Processing Pipeline	a42b7d26609574102db36c515e175a19		https://www.encodeproject.org/files/ENCFF804NPY/@@download/ENCFF804NPY.tsv	M21			released	s3://encode-public/2021/03/15/12e670df-3e70-4555-8dd8-d32ed731419f/ENCFF804NPY.tsv	https://datasetencode.blob.core.windows.net/dataset/2021/03/15/12e670df-3e70-4555-8dd8-d32ed731419f/ENCFF804NPY.tsv?sv=2019-10-10&si=prod&sr=c&sig=9qSQZo4ggrCNpybBExU8SypuUZV33igI11xw0P7rB3c%3D	ENCODE4 v1.2.1 mm10 M21	released			
ENCFF971KKK	tsv	tsv		gene quantifications	mm10	ENCSR448MXQ	polyA plus RNA-seq	/mouse-donors/ENCDO956IXV/	UBERON:0002107	liver	tissue	Mus musculus											polyadenylated mRNA		Ambion mirVana			unstranded	2015-10-13	ENCODE		chemical (Nextera tagmentation)	>200	1	1_1							/files/ENCFF363TFV/, /files/ENCFF878GCK/	11903726	ENCODE Processing Pipeline	9b586c87c2e7590dd1a0c6671bc42b57		https://www.encodeproject.org/files/ENCFF971KKK/@@download/ENCFF971KKK.tsv	M21			released	s3://encode-public/2021/03/15/8b9be81d-3817-4b38-8212-97625bfcb99c/ENCFF971KKK.tsv	https://datasetencode.blob.core.windows.net/dataset/2021/03/15/8b9be81d-3817-4b38-8212-97625bfcb99c/ENCFF971KKK.tsv?sv=2019-10-10&si=prod&sr=c&sig=9qSQZo4ggrCNpybBExU8SypuUZV33igI11xw0P7rB3c%3D	ENCODE4 v1.2.1 mm10 M21	released			
ENCFF031DAO	bigWig	bigWig		signal of unique reads	mm10	ENCSR448MXQ	polyA plus RNA-seq	/mouse-donors/ENCDO956IXV/	UBERON:0002107	liver	tissue	Mus musculus											polyadenylated mRNA		Ambion mirVana			unstranded	2015-10-13	ENCODE		chemical (Nextera tagmentation)	>200	1	1_1							/files/mm10_no_alt.chrom.sizes/, /files/ENCFF803RQK/	115126134	ENCODE Processing Pipeline	6d902190ddab4452360850dac9dfa940		https://www.encodeproject.org/files/ENCFF031DAO/@@download/ENCFF031DAO.bigWig	M21			released	s3://encode-public/2021/03/15/f6622f4e-5fb9-4bf6-8dfd-2dd9c8bc68d6/ENCFF031DAO.bigWig	https://datasetencode.blob.core.windows.net/dataset/2021/03/15/f6622f4e-5fb9-4bf6-8dfd-2dd9c8bc68d6/ENCFF031DAO.bigWig?sv=2019-10-10&si=prod&sr=c&sig=9qSQZo4ggrCNpybBExU8SypuUZV33igI11xw0P7rB3c%3D	ENCODE4 v1.2.1 mm10 M21	released			
ENCFF796BFV	bigWig	bigWig		signal of unique reads	mm10	ENCSR764OPZ	polyA plus RNA-seq	/mouse-donors/ENCDO956IXV/	UBERON:0001891	midbrain	tissue	Mus musculus											polyadenylated mRNA		Ambion mirVana			unstranded	2016-08-11	ENCODE		chemical (Nextera tagmentation)	>200	2	2_1							/files/mm10_no_alt.chrom.sizes/, /files/ENCFF011HQM/	198338517	ENCODE Processing Pipeline	c830728e3331f849fb39738f1d830b0d		https://www.encodeproject.org/files/ENCFF796BFV/@@download/ENCFF796BFV.bigWig	M21			released	s3://encode-public/2021/03/15/4332419c-2151-4f3c-a120-624d005fffac/ENCFF796BFV.bigWig	https://datasetencode.blob.core.windows.net/dataset/2021/03/15/4332419c-2151-4f3c-a120-624d005fffac/ENCFF796BFV.bigWig?sv=2019-10-10&si=prod&sr=c&sig=9qSQZo4ggrCNpybBExU8SypuUZV33igI11xw0P7rB3c%3D	ENCODE4 v1.2.1 mm10 M21	released			
ENCFF126VCW	tsv	tsv		gene quantifications	mm10	ENCSR764OPZ	polyA plus RNA-seq	/mouse-donors/ENCDO956IXV/	UBERON:0001891	midbrain	tissue	Mus musculus											polyadenylated mRNA		Ambion mirVana			unstranded	2016-08-11	ENCODE		chemical (Nextera tagmentation)	>200	2	2_1							/files/ENCFF435OWY/, /files/ENCFF363TFV/	11909474	ENCODE Processing Pipeline	b9e37ca6ddb995ada4d866c2ea83731c		https://www.encodeproject.org/files/ENCFF126VCW/@@download/ENCFF126VCW.tsv	M21			released	s3://encode-public/2021/03/15/66165fdd-8cc2-4442-b56d-43b9e704483d/ENCFF126VCW.tsv	https://datasetencode.blob.core.windows.net/dataset/2021/03/15/66165fdd-8cc2-4442-b56d-43b9e704483d/ENCFF126VCW.tsv?sv=2019-10-10&si=prod&sr=c&sig=9qSQZo4ggrCNpybBExU8SypuUZV33igI11xw0P7rB3c%3D	ENCODE4 v1.2.1 mm10 M21	released			
ENCFF915GEL	tsv	tsv		gene quantifications	mm10	ENCSR750YSX	polyA plus RNA-seq	/mouse-donors/ENCDO956IXV/	UBERON:0002101	limb	tissue	Mus musculus											polyadenylated mRNA		Ambion mirVana			unstranded	2016-05-03	ENCODE		chemical (Nextera tagmentation)	>200	2	2_1							/files/ENCFF898BNZ/, /files/ENCFF363TFV/	11882388	ENCODE Processing Pipeline	d1a8e7d92af8a63213595d6482c75543		https://www.encodeproject.org/files/ENCFF915GEL/@@download/ENCFF915GEL.tsv	M21			released	s3://encode-public/2021/03/15/b59acb22-2cf9-4906-aae4-e47f2ecd4693/ENCFF915GEL.tsv	https://datasetencode.blob.core.windows.net/dataset/2021/03/15/b59acb22-2cf9-4906-aae4-e47f2ecd4693/ENCFF915GEL.tsv?sv=2019-10-10&si=prod&sr=c&sig=9qSQZo4ggrCNpybBExU8SypuUZV33igI11xw0P7rB3c%3D	ENCODE4 v1.2.1 mm10 M21	released			
ENCFF693FHM	bigWig	bigWig		signal of unique reads	mm10	ENCSR750YSX	polyA plus RNA-seq	/mouse-donors/ENCDO956IXV/	UBERON:0002101	limb	tissue	Mus musculus											polyadenylated mRNA		Ambion mirVana			unstranded	2016-05-03	ENCODE		chemical (Nextera tagmentation)	>200	2	2_1							/files/mm10_no_alt.chrom.sizes/, /files/ENCFF324PDF/	183723040	ENCODE Processing Pipeline	75645a63a6ff230f99fd8ad19e64e466		https://www.encodeproject.org/files/ENCFF693FHM/@@download/ENCFF693FHM.bigWig	M21			released	s3://encode-public/2021/03/15/51431eba-e973-4292-a0c1-201f3ae02b54/ENCFF693FHM.bigWig	https://datasetencode.blob.core.windows.net/dataset/2021/03/15/51431eba-e973-4292-a0c1-201f3ae02b54/ENCFF693FHM.bigWig?sv=2019-10-10&si=prod&sr=c&sig=9qSQZo4ggrCNpybBExU8SypuUZV33igI11xw0P7rB3c%3D	ENCODE4 v1.2.1 mm10 M21	released			
ENCFF928OMS	bigWig	bigWig		signal of unique reads	mm10	ENCSR420QTO	polyA plus RNA-seq	/mouse-donors/ENCDO956IXV/	UBERON:0002028	hindbrain	tissue	Mus musculus											polyadenylated mRNA		Ambion mirVana			unstranded	2016-05-03	ENCODE		chemical (Nextera tagmentation)	>200	1	1_1							/files/ENCFF912YVY/, /files/mm10_no_alt.chrom.sizes/	197723323	ENCODE Processing Pipeline	4a2be8863d6295210f7501367ffc3e28		https://www.encodeproject.org/files/ENCFF928OMS/@@download/ENCFF928OMS.bigWig	M21			released	s3://encode-public/2021/03/15/cd971392-54ae-4e53-9b61-b0712f00f55c/ENCFF928OMS.bigWig	https://datasetencode.blob.core.windows.net/dataset/2021/03/15/cd971392-54ae-4e53-9b61-b0712f00f55c/ENCFF928OMS.bigWig?sv=2019-10-10&si=prod&sr=c&sig=9qSQZo4ggrCNpybBExU8SypuUZV33igI11xw0P7rB3c%3D	ENCODE4 v1.2.1 mm10 M21	released			
ENCFF928MQD	tsv	tsv		gene quantifications	mm10	ENCSR420QTO	polyA plus RNA-seq	/mouse-donors/ENCDO956IXV/	UBERON:0002028	hindbrain	tissue	Mus musculus											polyadenylated mRNA		Ambion mirVana			unstranded	2016-05-03	ENCODE		chemical (Nextera tagmentation)	>200	1	1_1							/files/ENCFF363TFV/, /files/ENCFF531ICK/	11882032	ENCODE Processing Pipeline	a4a23c2b7a4b328f307df27efb6488b3		https://www.encodeproject.org/files/ENCFF928MQD/@@download/ENCFF928MQD.tsv	M21			released	s3://encode-public/2021/03/15/67d01a01-1b87-4a11-8fd6-cfad1ded2a8a/ENCFF928MQD.tsv	https://datasetencode.blob.core.windows.net/dataset/2021/03/15/67d01a01-1b87-4a11-8fd6-cfad1ded2a8a/ENCFF928MQD.tsv?sv=2019-10-10&si=prod&sr=c&sig=9qSQZo4ggrCNpybBExU8SypuUZV33igI11xw0P7rB3c%3D	ENCODE4 v1.2.1 mm10 M21	released			
ENCFF150IZB	bigWig	bigWig		signal of unique reads	mm10	ENCSR848GST	polyA plus RNA-seq	/mouse-donors/ENCDO956IXV/	UBERON:0000160	intestine	tissue	Mus musculus											polyadenylated mRNA		Ambion mirVana			unstranded	2015-10-13	ENCODE		chemical (Nextera tagmentation)	>200	1	1_1							/files/mm10_no_alt.chrom.sizes/, /files/ENCFF343CIJ/	154491170	ENCODE Processing Pipeline	0feb1b92da6dc9a76306a16bd9808f6b		https://www.encodeproject.org/files/ENCFF150IZB/@@download/ENCFF150IZB.bigWig	M21			released	s3://encode-public/2021/03/24/e168a5f8-7645-4239-a7c1-945f1f9b48b5/ENCFF150IZB.bigWig	https://datasetencode.blob.core.windows.net/dataset/2021/03/24/e168a5f8-7645-4239-a7c1-945f1f9b48b5/ENCFF150IZB.bigWig?sv=2019-10-10&si=prod&sr=c&sig=9qSQZo4ggrCNpybBExU8SypuUZV33igI11xw0P7rB3c%3D	ENCODE4 v1.2.1 mm10 M21	released			
ENCFF727RIO	tsv	tsv		gene quantifications	mm10	ENCSR848GST	polyA plus RNA-seq	/mouse-donors/ENCDO956IXV/	UBERON:0000160	intestine	tissue	Mus musculus											polyadenylated mRNA		Ambion mirVana			unstranded	2015-10-13	ENCODE		chemical (Nextera tagmentation)	>200	1	1_1							/files/ENCFF363TFV/, /files/ENCFF465MGD/	11900951	ENCODE Processing Pipeline	eba845996235f73cc67b135882c15399		https://www.encodeproject.org/files/ENCFF727RIO/@@download/ENCFF727RIO.tsv	M21			released	s3://encode-public/2021/03/24/3b31a830-c348-499c-8b3b-de6f98dacaf8/ENCFF727RIO.tsv	https://datasetencode.blob.core.windows.net/dataset/2021/03/24/3b31a830-c348-499c-8b3b-de6f98dacaf8/ENCFF727RIO.tsv?sv=2019-10-10&si=prod&sr=c&sig=9qSQZo4ggrCNpybBExU8SypuUZV33igI11xw0P7rB3c%3D	ENCODE4 v1.2.1 mm10 M21	released			
ENCFF317LWR	bigWig	bigWig		signal of unique reads	mm10	ENCSR004XCU	polyA plus RNA-seq	/mouse-donors/ENCDO956IXV/	UBERON:0001049	neural tube	tissue	Mus musculus											polyadenylated mRNA		Ambion mirVana			unstranded	2015-10-13	ENCODE		chemical (Nextera tagmentation)	>200	2	2_1							/files/ENCFF181GYS/, /files/mm10_no_alt.chrom.sizes/	217768595	ENCODE Processing Pipeline	cd1d00acdf1f7451d7b86e9a3d5ba8bf		https://www.encodeproject.org/files/ENCFF317LWR/@@download/ENCFF317LWR.bigWig	M21			released	s3://encode-public/2021/03/15/805b678e-c97c-400c-8b4b-b8697d6772e8/ENCFF317LWR.bigWig	https://datasetencode.blob.core.windows.net/dataset/2021/03/15/805b678e-c97c-400c-8b4b-b8697d6772e8/ENCFF317LWR.bigWig?sv=2019-10-10&si=prod&sr=c&sig=9qSQZo4ggrCNpybBExU8SypuUZV33igI11xw0P7rB3c%3D	ENCODE4 v1.2.1 mm10 M21	released			
ENCFF698VUU	tsv	tsv		gene quantifications	mm10	ENCSR004XCU	polyA plus RNA-seq	/mouse-donors/ENCDO956IXV/	UBERON:0001049	neural tube	tissue	Mus musculus											polyadenylated mRNA		Ambion mirVana			unstranded	2015-10-13	ENCODE		chemical (Nextera tagmentation)	>200	2	2_1							/files/ENCFF467LMO/, /files/ENCFF363TFV/	11892815	ENCODE Processing Pipeline	739e454b375edfbb6180289256363485		https://www.encodeproject.org/files/ENCFF698VUU/@@download/ENCFF698VUU.tsv	M21			released	s3://encode-public/2021/03/15/9f39569d-687a-4051-aa16-181178bcd1d6/ENCFF698VUU.tsv	https://datasetencode.blob.core.windows.net/dataset/2021/03/15/9f39569d-687a-4051-aa16-181178bcd1d6/ENCFF698VUU.tsv?sv=2019-10-10&si=prod&sr=c&sig=9qSQZo4ggrCNpybBExU8SypuUZV33igI11xw0P7rB3c%3D	ENCODE4 v1.2.1 mm10 M21	released			
ENCFF706CWD	bigWig	bigWig		signal of unique reads	mm10	ENCSR020DGG	polyA plus RNA-seq	/mouse-donors/ENCDO956IXV/	UBERON:0000948	heart	tissue	Mus musculus											polyadenylated mRNA		Ambion mirVana			unstranded	2015-10-13	ENCODE		chemical (Nextera tagmentation)	>200	2	2_1							/files/ENCFF993PIU/, /files/mm10_no_alt.chrom.sizes/	167136811	ENCODE Processing Pipeline	df26d5821981d88be05c6b41f43076b4		https://www.encodeproject.org/files/ENCFF706CWD/@@download/ENCFF706CWD.bigWig	M21			released	s3://encode-public/2021/03/15/a938efd4-6dc8-4c94-9279-2e2467012b0b/ENCFF706CWD.bigWig	https://datasetencode.blob.core.windows.net/dataset/2021/03/15/a938efd4-6dc8-4c94-9279-2e2467012b0b/ENCFF706CWD.bigWig?sv=2019-10-10&si=prod&sr=c&sig=9qSQZo4ggrCNpybBExU8SypuUZV33igI11xw0P7rB3c%3D	ENCODE4 v1.2.1 mm10 M21	released			
ENCFF110ZFH	tsv	tsv		gene quantifications	mm10	ENCSR020DGG	polyA plus RNA-seq	/mouse-donors/ENCDO956IXV/	UBERON:0000948	heart	tissue	Mus musculus											polyadenylated mRNA		Ambion mirVana			unstranded	2015-10-13	ENCODE		chemical (Nextera tagmentation)	>200	2	2_1							/files/ENCFF363TFV/, /files/ENCFF084LKZ/	11890756	ENCODE Processing Pipeline	28113f62ec0562cc1eb62fe2790915fa		https://www.encodeproject.org/files/ENCFF110ZFH/@@download/ENCFF110ZFH.tsv	M21			released	s3://encode-public/2021/03/15/1fe55bd0-5557-46ff-86b1-d00a973f7c43/ENCFF110ZFH.tsv	https://datasetencode.blob.core.windows.net/dataset/2021/03/15/1fe55bd0-5557-46ff-86b1-d00a973f7c43/ENCFF110ZFH.tsv?sv=2019-10-10&si=prod&sr=c&sig=9qSQZo4ggrCNpybBExU8SypuUZV33igI11xw0P7rB3c%3D	ENCODE4 v1.2.1 mm10 M21	released			
